task,region,noise,arm,hp,dim,whole,p,inside,p_in,outside,ess,detect_dist,detect_dist_emb,init_mae,const_mae,init_in,init_out,uni_mae,n
cal8,real,real,jtt,"jtt|q=0.2,lam=10",8,-11.45375094962156,1.9073486328125e-06,-9.62520765709622,1.9073486328125e-06,-11.685856449546943,0.376923076923077,,,0.44968905193598363,0.9136544107546876,0.5112316271826569,0.4428509880196866,0.4831160985978677,20
cal8,real,real,jtt,"jtt|q=0.2,lam=2",8,-2.8885061841115465,1.9073486328125e-06,-2.0899194264965173,1.9073486328125e-06,-2.989874513408272,0.9,,,0.44968905193598363,0.9136544107546876,0.5112316271826569,0.4428509880196866,0.4831160985978677,20
cal8,real,real,jtt,"jtt|q=0.2,lam=5",8,-7.400310932382085,1.9073486328125e-06,-6.088075832413063,1.9073486328125e-06,-7.566879033418022,0.5586206896551722,,,0.44968905193598363,0.9136544107546876,0.5112316271826569,0.4428509880196866,0.4831160985978677,20
cal8,real,real,loss,loss|alpha=0.5,8,-5.2472299146705605,1.9073486328125e-06,-5.064485927702748,1.9073486328125e-06,-5.27042645840399,0.8141540502577943,,,0.44968905193598363,0.9136544107546876,0.5112316271826569,0.4428509880196866,0.4831160985978677,20
cal8,real,real,loss,loss|alpha=1.0,8,-9.818533554059332,1.9073486328125e-06,-9.687190134403329,1.9073486328125e-06,-9.835205584853343,0.5231514814806146,,,0.44968905193598363,0.9136544107546876,0.5112316271826569,0.4428509880196866,0.4831160985978677,20
cal8,real,real,random_emb,"random_emb|alpha=0.5,q=0.03",8,-1.2134949789209073,0.0007076263427734375,-1.5131740904007773,0.01531219482421875,-1.1754553162716475,0.20341476620659987,,,0.44968905193598363,0.9136544107546876,0.5112316271826569,0.4428509880196866,0.4831160985978677,20
cal8,real,real,random_emb,"random_emb|alpha=0.5,q=0.1",8,-1.7033354755889647,1.9073486328125e-06,-1.4403004849122107,0.000209808349609375,-1.7367237296480662,0.4999756942585002,,,0.44968905193598363,0.9136544107546876,0.5112316271826569,0.4428509880196866,0.4831160985978677,20
cal8,real,real,random_emb,"random_emb|alpha=0.5,q=0.3",8,-1.2837119203338814,1.9073486328125e-06,-1.1170529179763704,6.29425048828125e-05,-1.304866722201237,0.8350771776306501,,,0.44968905193598363,0.9136544107546876,0.5112316271826569,0.4428509880196866,0.4831160985978677,20
cal8,real,real,random_emb,"random_emb|alpha=1.0,q=0.03",8,-52.43579884225765,1.9073486328125e-06,-33.0444506827312,1.9073486328125e-06,-54.89723280293686,0.06000868030807521,,,0.44968905193598363,0.9136544107546876,0.5112316271826569,0.4428509880196866,0.4831160985978677,20
cal8,real,real,random_emb,"random_emb|alpha=1.0,q=0.1",8,-14.677798149989535,1.9073486328125e-06,-11.466543524109472,1.9073486328125e-06,-15.085417626856403,0.1999844447791374,,,0.44968905193598363,0.9136544107546876,0.5112316271826569,0.4428509880196866,0.4831160985978677,20
cal8,real,real,random_emb,"random_emb|alpha=1.0,q=0.3",8,-3.5659816334645202,1.9073486328125e-06,-3.3177441380323383,3.62396240234375e-05,-3.5974915726675096,0.5586665734568823,,,0.44968905193598363,0.9136544107546876,0.5112316271826569,0.4428509880196866,0.4831160985978677,20
cal8,real,real,smoothed_loss,smoothed_loss|alpha=0.5,8,-1.1930621329705806,1.9073486328125e-06,-0.7627278348386826,0.0003223419189453125,-1.2476864657994715,0.9575550331358839,,,0.44968905193598363,0.9136544107546876,0.5112316271826569,0.4428509880196866,0.4831160985978677,20
cal8,real,real,smoothed_loss,smoothed_loss|alpha=1.0,8,-2.2119860992270803,1.9073486328125e-06,-1.6878873819912983,1.9073486328125e-05,-2.2785123856275806,0.8498380314831895,,,0.44968905193598363,0.9136544107546876,0.5112316271826569,0.4428509880196866,0.4831160985978677,20
cal8,real,real,weakspot,"weakspot|alpha=0.5,q=0.03",8,-1.2050611732374512,0.03276824951171875,-3.798268449315832,0.000850677490234375,-0.8758933194137328,0.20341476620659993,,,0.44968905193598363,0.9136544107546876,0.5112316271826569,0.4428509880196866,0.4831160985978677,20
cal8,real,real,weakspot,"weakspot|alpha=0.5,q=0.1",8,-1.313245897098021,0.0005855560302734375,-1.9410646542676993,0.0010166168212890625,-1.233553943896214,0.4999756942585002,,,0.44968905193598363,0.9136544107546876,0.5112316271826569,0.4428509880196866,0.4831160985978677,20
cal8,real,real,weakspot,"weakspot|alpha=0.5,q=0.3",8,-0.8655953482311813,8.20159912109375e-05,-0.6371780766149,0.06372261047363281,-0.8945894142928421,0.8350771776306501,,,0.44968905193598363,0.9136544107546876,0.5112316271826569,0.4428509880196866,0.4831160985978677,20
cal8,real,real,weakspot,"weakspot|alpha=1.0,q=0.03",8,-67.88073452952271,1.9073486328125e-06,-10.032356022814268,6.29425048828125e-05,-75.22369811592431,0.06000868030807521,,,0.44968905193598363,0.9136544107546876,0.5112316271826569,0.4428509880196866,0.4831160985978677,20
cal8,real,real,weakspot,"weakspot|alpha=1.0,q=0.1",8,-13.50292734711172,1.9073486328125e-06,-5.621450756719058,9.5367431640625e-06,-14.50335980700545,0.19998444477913743,,,0.44968905193598363,0.9136544107546876,0.5112316271826569,0.4428509880196866,0.4831160985978677,20
cal8,real,real,weakspot,"weakspot|alpha=1.0,q=0.3",8,-2.57779079146436,1.9073486328125e-06,-2.0433753070487826,0.000850677490234375,-2.645626633079478,0.5586665734568823,,,0.44968905193598363,0.9136544107546876,0.5112316271826569,0.4428509880196866,0.4831160985978677,20
cal8,real,real,weakspot_emb,"weakspot_emb|alpha=0.5,q=0.03",8,-2.3358016466197697,0.0031528472900390625,-4.101113633391593,0.005580902099609375,-2.111722390258233,0.20341476620659993,,,0.44968905193598363,0.9136544107546876,0.5112316271826569,0.4428509880196866,0.4831160985978677,20
cal8,real,real,weakspot_emb,"weakspot_emb|alpha=0.5,q=0.1",8,-2.568753225171751,3.62396240234375e-05,-2.7058462364253186,0.0002613067626953125,-2.551351371989845,0.4999756942585002,,,0.44968905193598363,0.9136544107546876,0.5112316271826569,0.4428509880196866,0.4831160985978677,20
cal8,real,real,weakspot_emb,"weakspot_emb|alpha=0.5,q=0.3",8,-1.7184858798345162,5.7220458984375e-06,-1.3856947110524358,3.62396240234375e-05,-1.7607286098353148,0.8350771776306501,,,0.44968905193598363,0.9136544107546876,0.5112316271826569,0.4428509880196866,0.4831160985978677,20
cal8,real,real,weakspot_emb,"weakspot_emb|alpha=1.0,q=0.03",8,-56.89302650380565,1.9073486328125e-06,-23.567960370672527,2.6702880859375e-05,-61.12313205640371,0.06000868030807521,,,0.44968905193598363,0.9136544107546876,0.5112316271826569,0.4428509880196866,0.4831160985978677,20
cal8,real,real,weakspot_emb,"weakspot_emb|alpha=1.0,q=0.1",8,-19.567638921376144,1.9073486328125e-06,-8.88908663580535,2.6702880859375e-05,-20.92311720119238,0.19998444477913746,,,0.44968905193598363,0.9136544107546876,0.5112316271826569,0.4428509880196866,0.4831160985978677,20
cal8,real,real,weakspot_emb,"weakspot_emb|alpha=1.0,q=0.3",8,-4.386733432976331,1.9073486328125e-06,-3.5771333101975866,1.9073486328125e-05,-4.489499739907835,0.5586665734568824,,,0.44968905193598363,0.9136544107546876,0.5112316271826569,0.4428509880196866,0.4831160985978677,20
synth10,hard,gauss,jtt,"jtt|q=0.2,lam=10",10,-16.698964267301832,0.001953125,2.582678982442997,0.130859375,-22.537995283866373,0.3769230769230769,0.14514062561697938,0.0689991212896864,0.16688564115193036,0.9521281000473861,0.3363699623220719,0.1429647991204167,0.1489197967299684,10
synth10,hard,gauss,jtt,"jtt|q=0.2,lam=2",10,-2.05071866861915,0.013671875,3.7992271838711043,0.001953125,-3.81402491450462,0.9,0.14514062561697938,0.0689991212896864,0.16688564115193036,0.9521281000473861,0.3363699623220719,0.1429647991204167,0.1489197967299684,10
synth10,hard,gauss,jtt,"jtt|q=0.2,lam=5",10,-7.691868375892383,0.001953125,5.072840258772204,0.005859375,-11.554414819423995,0.5586206896551724,0.14514062561697938,0.0689991212896864,0.16688564115193036,0.9521281000473861,0.3363699623220719,0.1429647991204167,0.1489197967299684,10
synth10,hard,gauss,loss,loss|alpha=0.5,10,-2.617556561699135,0.001953125,6.834593563542144,0.001953125,-5.481439244990208,0.831116516593886,0.14514062561697938,0.0689991212896864,0.16688564115193036,0.9521281000473861,0.3363699623220719,0.1429647991204167,0.1489197967299684,10
synth10,hard,gauss,loss,loss|alpha=1.0,10,-8.576936590088522,0.001953125,7.164300799544715,0.001953125,-13.335626238285462,0.5523592567701608,0.14514062561697938,0.0689991212896864,0.16688564115193036,0.9521281000473861,0.3363699623220719,0.1429647991204167,0.1489197967299684,10
synth10,hard,gauss,oracle,"oracle|alpha=0.5,q=0.03",10,-12.034051524734245,0.00390625,5.916997543793315,0.001953125,-17.4619744219342,0.20339022015892644,0.14514062561697938,0.0689991212896864,0.16688564115193036,0.9521281000473861,0.3363699623220719,0.1429647991204167,0.1489197967299684,10
synth10,hard,gauss,oracle,"oracle|alpha=0.5,q=0.1",10,-7.21016058958012,0.001953125,6.979226804319704,0.001953125,-11.50500103285321,0.4999716889477833,0.14514062561697938,0.0689991212896864,0.16688564115193036,0.9521281000473861,0.3363699623220719,0.1429647991204167,0.1489197967299684,10
synth10,hard,gauss,oracle,"oracle|alpha=0.5,q=0.3",10,-3.480224359359058,0.00390625,4.135894045104119,0.01953125,-5.7850412635606165,0.8350767332071385,0.14514062561697938,0.0689991212896864,0.16688564115193036,0.9521281000473861,0.3363699623220719,0.1429647991204167,0.1489197967299684,10
synth10,hard,gauss,oracle,"oracle|alpha=1.0,q=0.03",10,-607.7787952379699,0.001953125,7.5397779876503215,0.009765625,-794.4372617791983,0.06000013563736899,0.14514062561697938,0.0689991212896864,0.16688564115193036,0.9521281000473861,0.3363699623220719,0.1429647991204167,0.1489197967299684,10
synth10,hard,gauss,oracle,"oracle|alpha=1.0,q=0.1",10,-51.418309899272316,0.001953125,5.778729196898791,0.01953125,-68.71745779378725,0.19998188154212446,0.14514062561697938,0.0689991212896864,0.16688564115193036,0.9521281000473861,0.3363699623220719,0.1429647991204167,0.1489197967299684,10
synth10,hard,gauss,oracle,"oracle|alpha=1.0,q=0.3",10,-7.820535401060301,0.001953125,5.801726334819147,0.005859375,-11.952178936661024,0.558665777831233,0.14514062561697938,0.0689991212896864,0.16688564115193036,0.9521281000473861,0.3363699623220719,0.1429647991204167,0.1489197967299684,10
synth10,hard,gauss,random_emb,"random_emb|alpha=0.5,q=0.03",10,-2.1182874907753324,0.02734375,-3.3211615233175813,0.01953125,-1.733866310860479,0.20339022015892638,0.14514062561697938,0.0689991212896864,0.16688564115193036,0.9521281000473861,0.3363699623220719,0.1429647991204167,0.1489197967299684,10
synth10,hard,gauss,random_emb,"random_emb|alpha=0.5,q=0.1",10,-0.28038686869258006,0.4921875,-1.8024586302782795,0.083984375,0.1938319773268953,0.4999716889477834,0.14514062561697938,0.0689991212896864,0.16688564115193036,0.9521281000473861,0.3363699623220719,0.1429647991204167,0.1489197967299684,10
synth10,hard,gauss,random_emb,"random_emb|alpha=0.5,q=0.3",10,0.6219403184368508,0.375,-0.6025923709373154,0.322265625,1.0033236797124647,0.8350767332071385,0.14514062561697938,0.0689991212896864,0.16688564115193036,0.9521281000473861,0.3363699623220719,0.1429647991204167,0.1489197967299684,10
synth10,hard,gauss,random_emb,"random_emb|alpha=1.0,q=0.03",10,-372.4117799011496,0.001953125,-350.88732012992017,0.001953125,-380.1954680962898,0.06000013563736899,0.14514062561697938,0.0689991212896864,0.16688564115193036,0.9521281000473861,0.3363699623220719,0.1429647991204167,0.1489197967299684,10
synth10,hard,gauss,random_emb,"random_emb|alpha=1.0,q=0.1",10,-29.27617212900935,0.001953125,-25.772594915152958,0.001953125,-30.37375256298898,0.19998188154212443,0.14514062561697938,0.0689991212896864,0.16688564115193036,0.9521281000473861,0.3363699623220719,0.1429647991204167,0.1489197967299684,10
synth10,hard,gauss,random_emb,"random_emb|alpha=1.0,q=0.3",10,-1.1316549730398109,0.16015625,-1.8327199771877802,0.10546875,-0.9098887459641564,0.558665777831233,0.14514062561697938,0.0689991212896864,0.16688564115193036,0.9521281000473861,0.3363699623220719,0.1429647991204167,0.1489197967299684,10
synth10,hard,gauss,smoothed_loss,smoothed_loss|alpha=0.5,10,-1.4379359768135787,0.009765625,1.8098830722655193,0.064453125,-2.41656112063851,0.9662572064502225,0.14514062561697938,0.0689991212896864,0.16688564115193036,0.9521281000473861,0.3363699623220719,0.1429647991204167,0.1489197967299684,10
synth10,hard,gauss,smoothed_loss,smoothed_loss|alpha=1.0,10,-3.1854198955471125,0.001953125,2.3245065967709264,0.01953125,-4.847445877301371,0.8776898264343751,0.14514062561697938,0.0689991212896864,0.16688564115193036,0.9521281000473861,0.3363699623220719,0.1429647991204167,0.1489197967299684,10
synth10,hard,gauss,weakspot,"weakspot|alpha=0.5,q=0.03",10,-9.011206918305138,0.001953125,-7.222958469768569,0.001953125,-9.562871101286262,0.20339022015892644,0.14514062561697938,0.0689991212896864,0.16688564115193036,0.9521281000473861,0.3363699623220719,0.1429647991204167,0.1489197967299684,10
synth10,hard,gauss,weakspot,"weakspot|alpha=0.5,q=0.1",10,-6.5491653278140305,0.001953125,-3.9282704907921384,0.00390625,-7.3495983281486135,0.4999716889477834,0.14514062561697938,0.0689991212896864,0.16688564115193036,0.9521281000473861,0.3363699623220719,0.1429647991204167,0.1489197967299684,10
synth10,hard,gauss,weakspot,"weakspot|alpha=0.5,q=0.3",10,-1.8323594401701035,0.048828125,-0.3634312003382815,1.0,-2.280712754155093,0.8350767332071385,0.14514062561697938,0.0689991212896864,0.16688564115193036,0.9521281000473861,0.3363699623220719,0.1429647991204167,0.1489197967299684,10
synth10,hard,gauss,weakspot,"weakspot|alpha=1.0,q=0.03",10,-107.55571298792933,0.001953125,-48.97619335483182,0.001953125,-125.2211446966728,0.06000013563736899,0.14514062561697938,0.0689991212896864,0.16688564115193036,0.9521281000473861,0.3363699623220719,0.1429647991204167,0.1489197967299684,10
synth10,hard,gauss,weakspot,"weakspot|alpha=1.0,q=0.1",10,-37.637386931122194,0.001953125,-17.34423456396888,0.001953125,-43.76755531395702,0.19998188154212443,0.14514062561697938,0.0689991212896864,0.16688564115193036,0.9521281000473861,0.3363699623220719,0.1429647991204167,0.1489197967299684,10
synth10,hard,gauss,weakspot,"weakspot|alpha=1.0,q=0.3",10,-7.679140771407516,0.001953125,-2.9214530027625782,0.048828125,-9.122900713421346,0.558665777831233,0.14514062561697938,0.0689991212896864,0.16688564115193036,0.9521281000473861,0.3363699623220719,0.1429647991204167,0.1489197967299684,10
synth10,hard,gauss,weakspot_emb,"weakspot_emb|alpha=0.5,q=0.03",10,-11.822039348339578,0.001953125,-1.4208393940053845,0.232421875,-14.955648744464067,0.20339022015892644,0.14514062561697938,0.0689991212896864,0.16688564115193036,0.9521281000473861,0.3363699623220719,0.1429647991204167,0.1489197967299684,10
synth10,hard,gauss,weakspot_emb,"weakspot_emb|alpha=0.5,q=0.1",10,-8.289102259346492,0.001953125,2.753337803515186,0.064453125,-11.63247131356672,0.4999716889477833,0.14514062561697938,0.0689991212896864,0.16688564115193036,0.9521281000473861,0.3363699623220719,0.1429647991204167,0.1489197967299684,10
synth10,hard,gauss,weakspot_emb,"weakspot_emb|alpha=0.5,q=0.3",10,-2.891186562773242,0.005859375,3.0690695365353906,0.009765625,-4.6909632454536005,0.8350767332071385,0.14514062561697938,0.0689991212896864,0.16688564115193036,0.9521281000473861,0.3363699623220719,0.1429647991204167,0.1489197967299684,10
synth10,hard,gauss,weakspot_emb,"weakspot_emb|alpha=1.0,q=0.03",10,-310.65978973539103,0.001953125,-20.60072690752196,0.001953125,-398.2666815216385,0.06000013563736899,0.14514062561697938,0.0689991212896864,0.16688564115193036,0.9521281000473861,0.3363699623220719,0.1429647991204167,0.1489197967299684,10
synth10,hard,gauss,weakspot_emb,"weakspot_emb|alpha=1.0,q=0.1",10,-54.00716874814895,0.001953125,-1.8092211751721154,0.375,-69.77523913349302,0.19998188154212443,0.14514062561697938,0.0689991212896864,0.16688564115193036,0.9521281000473861,0.3363699623220719,0.1429647991204167,0.1489197967299684,10
synth10,hard,gauss,weakspot_emb,"weakspot_emb|alpha=1.0,q=0.3",10,-7.928869965746113,0.001953125,3.688671145875389,0.001953125,-11.445430933138363,0.558665777831233,0.14514062561697938,0.0689991212896864,0.16688564115193036,0.9521281000473861,0.3363699623220719,0.1429647991204167,0.1489197967299684,10
synth10,hard,outlier,jtt,"jtt|q=0.2,lam=10",10,-47.31458517995204,0.001953125,-25.671257930630233,0.001953125,-52.15955921648802,0.3769230769230769,0.5245134143880626,0.42975292511042734,0.35684936586919297,0.9417532621441467,0.529135180043512,0.3320804860137686,0.368857492096432,10
synth10,hard,outlier,jtt,"jtt|q=0.2,lam=2",10,-10.995756956174716,0.001953125,-5.45731881887924,0.001953125,-12.240102565184365,0.9000000000000001,0.5245134143880626,0.42975292511042734,0.35684936586919297,0.9417532621441467,0.529135180043512,0.3320804860137686,0.368857492096432,10
synth10,hard,outlier,jtt,"jtt|q=0.2,lam=5",10,-30.190797953904536,0.001953125,-15.617182757023118,0.001953125,-33.46266977929532,0.5586206896551724,0.5245134143880626,0.42975292511042734,0.35684936586919297,0.9417532621441467,0.529135180043512,0.3320804860137686,0.368857492096432,10
synth10,hard,outlier,loss,loss|alpha=0.5,10,-35.97814228670423,0.001953125,-19.568865069640612,0.001953125,-39.65522752634078,0.7651490411010671,0.5245134143880626,0.42975292511042734,0.35684936586919297,0.9417532621441467,0.529135180043512,0.3320804860137686,0.368857492096432,10
synth10,hard,outlier,loss,loss|alpha=1.0,10,-55.054576904263115,0.001953125,-30.403403559334002,0.001953125,-60.58101513962255,0.4492898875895657,0.5245134143880626,0.42975292511042734,0.35684936586919297,0.9417532621441467,0.529135180043512,0.3320804860137686,0.368857492096432,10
synth10,hard,outlier,oracle,"oracle|alpha=0.5,q=0.03",10,-10.72337945107597,0.001953125,-7.364524558593454,0.005859375,-11.48556839562746,0.20339022015892644,0.5245134143880626,0.42975292511042734,0.35684936586919297,0.9417532621441467,0.529135180043512,0.3320804860137686,0.368857492096432,10
synth10,hard,outlier,oracle,"oracle|alpha=0.5,q=0.1",10,-8.362601585310841,0.001953125,-4.428075219906293,0.005859375,-9.250914230321607,0.4999716889477833,0.5245134143880626,0.42975292511042734,0.35684936586919297,0.9417532621441467,0.529135180043512,0.3320804860137686,0.368857492096432,10
synth10,hard,outlier,oracle,"oracle|alpha=0.5,q=0.3",10,-3.5123714589781008,0.001953125,-1.6323894595139923,0.009765625,-3.9386893012386848,0.8350767332071385,0.5245134143880626,0.42975292511042734,0.35684936586919297,0.9417532621441467,0.529135180043512,0.3320804860137686,0.368857492096432,10
synth10,hard,outlier,oracle,"oracle|alpha=1.0,q=0.03",10,-312.41754400995154,0.001953125,-15.575606535313064,0.001953125,-378.5211785446366,0.06000013563736899,0.5245134143880626,0.42975292511042734,0.35684936586919297,0.9417532621441467,0.529135180043512,0.3320804860137686,0.368857492096432,10
synth10,hard,outlier,oracle,"oracle|alpha=1.0,q=0.1",10,-42.9753527241857,0.001953125,-10.753603935897567,0.001953125,-50.1671500911227,0.19998188154212443,0.5245134143880626,0.42975292511042734,0.35684936586919297,0.9417532621441467,0.529135180043512,0.3320804860137686,0.368857492096432,10
synth10,hard,outlier,oracle,"oracle|alpha=1.0,q=0.3",10,-8.998209383664204,0.001953125,-4.045531105830949,0.001953125,-10.112723359031568,0.558665777831233,0.5245134143880626,0.42975292511042734,0.35684936586919297,0.9417532621441467,0.529135180043512,0.3320804860137686,0.368857492096432,10
synth10,hard,outlier,random_emb,"random_emb|alpha=0.5,q=0.03",10,-3.8575631094814637,0.001953125,-1.8240005926930527,0.037109375,-4.317551805409619,0.20339022015892638,0.5245134143880626,0.42975292511042734,0.35684936586919297,0.9417532621441467,0.529135180043512,0.3320804860137686,0.368857492096432,10
synth10,hard,outlier,random_emb,"random_emb|alpha=0.5,q=0.1",10,-2.652127174388908,0.001953125,-1.4104568025583464,0.00390625,-2.9348812004658402,0.4999716889477834,0.5245134143880626,0.42975292511042734,0.35684936586919297,0.9417532621441467,0.529135180043512,0.3320804860137686,0.368857492096432,10
synth10,hard,outlier,random_emb,"random_emb|alpha=0.5,q=0.3",10,-0.9437613037456845,0.00390625,-0.7518697749690648,0.02734375,-0.9861032166648334,0.8350767332071385,0.5245134143880626,0.42975292511042734,0.35684936586919297,0.9417532621441467,0.529135180043512,0.3320804860137686,0.368857492096432,10
synth10,hard,outlier,random_emb,"random_emb|alpha=1.0,q=0.03",10,-136.94598127070992,0.001953125,-103.6841748407081,0.001953125,-144.21230694099742,0.06000013563736899,0.5245134143880626,0.42975292511042734,0.35684936586919297,0.9417532621441467,0.529135180043512,0.3320804860137686,0.368857492096432,10
synth10,hard,outlier,random_emb,"random_emb|alpha=1.0,q=0.1",10,-32.61454861981424,0.001953125,-24.38357603880275,0.001953125,-34.41817536390807,0.19998188154212443,0.5245134143880626,0.42975292511042734,0.35684936586919297,0.9417532621441467,0.529135180043512,0.3320804860137686,0.368857492096432,10
synth10,hard,outlier,random_emb,"random_emb|alpha=1.0,q=0.3",10,-5.303973491263532,0.001953125,-3.6827994183261286,0.001953125,-5.660604191332664,0.558665777831233,0.5245134143880626,0.42975292511042734,0.35684936586919297,0.9417532621441467,0.529135180043512,0.3320804860137686,0.368857492096432,10
synth10,hard,outlier,smoothed_loss,smoothed_loss|alpha=0.5,10,-6.6535112008662365,0.001953125,-3.2429186064331375,0.001953125,-7.42112235096135,0.9639504138651601,0.5245134143880626,0.42975292511042734,0.35684936586919297,0.9417532621441467,0.529135180043512,0.3320804860137686,0.368857492096432,10
synth10,hard,outlier,smoothed_loss,smoothed_loss|alpha=1.0,10,-13.10136834801004,0.001953125,-6.531120308793683,0.001953125,-14.576025010094064,0.8699659006648327,0.5245134143880626,0.42975292511042734,0.35684936586919297,0.9417532621441467,0.529135180043512,0.3320804860137686,0.368857492096432,10
synth10,hard,outlier,weakspot,"weakspot|alpha=0.5,q=0.03",10,-6.889790481731232,0.001953125,-4.8974271116208525,0.00390625,-7.3497410014493125,0.20339022015892644,0.5245134143880626,0.42975292511042734,0.35684936586919297,0.9417532621441467,0.529135180043512,0.3320804860137686,0.368857492096432,10
synth10,hard,outlier,weakspot,"weakspot|alpha=0.5,q=0.1",10,-4.95552178012712,0.001953125,-3.2401643725350957,0.001953125,-5.347584286653317,0.4999716889477834,0.5245134143880626,0.42975292511042734,0.35684936586919297,0.9417532621441467,0.529135180043512,0.3320804860137686,0.368857492096432,10
synth10,hard,outlier,weakspot,"weakspot|alpha=0.5,q=0.3",10,-1.427026205598389,0.001953125,-0.8418621291960497,0.10546875,-1.561300490207008,0.8350767332071385,0.5245134143880626,0.42975292511042734,0.35684936586919297,0.9417532621441467,0.529135180043512,0.3320804860137686,0.368857492096432,10
synth10,hard,outlier,weakspot,"weakspot|alpha=1.0,q=0.03",10,-84.27351910179247,0.001953125,-56.02016657899636,0.001953125,-90.48559222163011,0.06000013563736899,0.5245134143880626,0.42975292511042734,0.35684936586919297,0.9417532621441467,0.529135180043512,0.3320804860137686,0.368857492096432,10
synth10,hard,outlier,weakspot,"weakspot|alpha=1.0,q=0.1",10,-36.00904028520928,0.001953125,-25.124889224013568,0.001953125,-38.43702907867322,0.19998188154212446,0.5245134143880626,0.42975292511042734,0.35684936586919297,0.9417532621441467,0.529135180043512,0.3320804860137686,0.368857492096432,10
synth10,hard,outlier,weakspot,"weakspot|alpha=1.0,q=0.3",10,-6.862873536780622,0.001953125,-4.60831145307163,0.001953125,-7.3737462164883,0.558665777831233,0.5245134143880626,0.42975292511042734,0.35684936586919297,0.9417532621441467,0.529135180043512,0.3320804860137686,0.368857492096432,10
synth10,hard,outlier,weakspot_emb,"weakspot_emb|alpha=0.5,q=0.03",10,-5.936189695056063,0.001953125,-4.643298427636397,0.009765625,-6.241982431432846,0.20339022015892644,0.5245134143880626,0.42975292511042734,0.35684936586919297,0.9417532621441467,0.529135180043512,0.3320804860137686,0.368857492096432,10
synth10,hard,outlier,weakspot_emb,"weakspot_emb|alpha=0.5,q=0.1",10,-5.28686514820556,0.001953125,-3.468916632086586,0.005859375,-5.704932829289027,0.4999716889477834,0.5245134143880626,0.42975292511042734,0.35684936586919297,0.9417532621441467,0.529135180043512,0.3320804860137686,0.368857492096432,10
synth10,hard,outlier,weakspot_emb,"weakspot_emb|alpha=0.5,q=0.3",10,-1.6346007682986374,0.001953125,-0.8425594024812402,0.10546875,-1.8154325847545356,0.8350767332071385,0.5245134143880626,0.42975292511042734,0.35684936586919297,0.9417532621441467,0.529135180043512,0.3320804860137686,0.368857492096432,10
synth10,hard,outlier,weakspot_emb,"weakspot_emb|alpha=1.0,q=0.03",10,-158.63838244874086,0.001953125,-95.13724677325067,0.001953125,-172.9612439394549,0.06000013563736899,0.5245134143880626,0.42975292511042734,0.35684936586919297,0.9417532621441467,0.529135180043512,0.3320804860137686,0.368857492096432,10
synth10,hard,outlier,weakspot_emb,"weakspot_emb|alpha=1.0,q=0.1",10,-39.20027100156624,0.001953125,-22.621548259311023,0.001953125,-42.90953006463245,0.19998188154212443,0.5245134143880626,0.42975292511042734,0.35684936586919297,0.9417532621441467,0.529135180043512,0.3320804860137686,0.368857492096432,10
synth10,hard,outlier,weakspot_emb,"weakspot_emb|alpha=1.0,q=0.3",10,-6.302820896994445,0.001953125,-3.5852986306683214,0.005859375,-6.91319305063195,0.558665777831233,0.5245134143880626,0.42975292511042734,0.35684936586919297,0.9417532621441467,0.529135180043512,0.3320804860137686,0.368857492096432,10
synth2,hard,gauss,jtt,"jtt|q=0.2,lam=10",2,-15.453492329613804,1.9073486328125e-06,12.342232740982597,1.9073486328125e-06,-35.227782331273154,0.3769230769230771,0.060516611688442926,0.06385789410451612,0.15063950938520718,0.7758760959641833,0.4110992975976944,0.11291193357553511,0.10451559123337865,20
synth2,hard,gauss,jtt,"jtt|q=0.2,lam=2",2,-0.8831191602901893,0.24548721313476562,4.872974691221666,1.9073486328125e-06,-4.983979378351247,0.9,0.060516611688442926,0.06385789410451612,0.15063950938520718,0.7758760959641833,0.4110992975976944,0.11291193357553511,0.10451559123337865,20
synth2,hard,gauss,jtt,"jtt|q=0.2,lam=5",2,-6.628459067834255,9.5367431640625e-06,10.384595282416246,1.9073486328125e-06,-18.7302217765901,0.5586206896551722,0.060516611688442926,0.06385789410451612,0.15063950938520718,0.7758760959641833,0.4110992975976944,0.11291193357553511,0.10451559123337865,20
synth2,hard,gauss,loss,loss|alpha=0.5,2,-6.08311392752068,0.0004825592041015625,9.191595075037,3.814697265625e-06,-16.974756206950783,0.7098631312782201,0.060516611688442926,0.06385789410451612,0.15063950938520718,0.7758760959641833,0.4110992975976944,0.11291193357553511,0.10451559123337865,20
synth2,hard,gauss,loss,loss|alpha=1.0,2,-18.10418321622438,1.9073486328125e-06,10.87864859633926,3.814697265625e-06,-38.765608189878165,0.3803280943461459,0.060516611688442926,0.06385789410451612,0.15063950938520718,0.7758760959641833,0.4110992975976944,0.11291193357553511,0.10451559123337865,20
synth2,hard,gauss,oracle,"oracle|alpha=0.5,q=0.03",2,-29.564582812053743,1.9073486328125e-06,9.030930126349375,3.62396240234375e-05,-57.04774840332277,0.20341476620659993,0.060516611688442926,0.06385789410451612,0.15063950938520718,0.7758760959641833,0.4110992975976944,0.11291193357553511,0.10451559123337865,20
synth2,hard,gauss,oracle,"oracle|alpha=0.5,q=0.1",2,-10.51852245431303,9.5367431640625e-06,15.157367520103403,1.9073486328125e-06,-28.785177442612216,0.4999756942585002,0.060516611688442926,0.06385789410451612,0.15063950938520718,0.7758760959641833,0.4110992975976944,0.11291193357553511,0.10451559123337865,20
synth2,hard,gauss,oracle,"oracle|alpha=0.5,q=0.3",2,-2.6703630519260835,0.023950576782226562,7.196272684035183,1.9073486328125e-06,-9.690793758249585,0.8350771776306501,0.060516611688442926,0.06385789410451612,0.15063950938520718,0.7758760959641833,0.4110992975976944,0.11291193357553511,0.10451559123337865,20
synth2,hard,gauss,oracle,"oracle|alpha=1.0,q=0.03",2,-748.4079144374464,1.9073486328125e-06,23.21984474193792,1.9073486328125e-06,-1297.811287500077,0.06000868030807521,0.060516611688442926,0.06385789410451612,0.15063950938520718,0.7758760959641833,0.4110992975976944,0.11291193357553511,0.10451559123337865,20
synth2,hard,gauss,oracle,"oracle|alpha=1.0,q=0.1",2,-59.891012481445884,1.9073486328125e-06,24.146456202330985,1.9073486328125e-06,-119.707622969805,0.1999844447791374,0.060516611688442926,0.06385789410451612,0.15063950938520718,0.7758760959641833,0.4110992975976944,0.11291193357553511,0.10451559123337865,20
synth2,hard,gauss,oracle,"oracle|alpha=1.0,q=0.3",2,-7.620484393260522,0.000133514404296875,12.981672650240208,1.9073486328125e-06,-22.27517775516108,0.5586665734568823,0.060516611688442926,0.06385789410451612,0.15063950938520718,0.7758760959641833,0.4110992975976944,0.11291193357553511,0.10451559123337865,20
synth2,hard,gauss,random_emb,"random_emb|alpha=0.5,q=0.03",2,-5.223644507874527,0.0005855560302734375,-2.3968213309925366,0.0010166168212890625,-7.267538998183597,0.20341476620659993,0.060516611688442926,0.06385789410451612,0.15063950938520718,0.7758760959641833,0.4110992975976944,0.11291193357553511,0.10451559123337865,20
synth2,hard,gauss,random_emb,"random_emb|alpha=0.5,q=0.1",2,-1.2201760683612044,0.08969497680664062,0.018960440754014558,0.6215133666992188,-2.1230459934097055,0.4999756942585002,0.060516611688442926,0.06385789410451612,0.15063950938520718,0.7758760959641833,0.4110992975976944,0.11291193357553511,0.10451559123337865,20
synth2,hard,gauss,random_emb,"random_emb|alpha=0.5,q=0.3",2,0.48477242557005423,0.7841262817382812,1.6842812277169337,0.0007076263427734375,-0.3756134366803866,0.8350771776306501,0.060516611688442926,0.06385789410451612,0.15063950938520718,0.7758760959641833,0.4110992975976944,0.11291193357553511,0.10451559123337865,20
synth2,hard,gauss,random_emb,"random_emb|alpha=1.0,q=0.03",2,-544.3462263446764,1.9073486328125e-06,-127.98201389884301,1.9073486328125e-06,-840.7770931825046,0.06000868030807521,0.060516611688442926,0.06385789410451612,0.15063950938520718,0.7758760959641833,0.4110992975976944,0.11291193357553511,0.10451559123337865,20
synth2,hard,gauss,random_emb,"random_emb|alpha=1.0,q=0.1",2,-50.763175599864745,1.9073486328125e-06,-1.6646296042934703,0.4523754119873047,-85.71373158406682,0.1999844447791374,0.060516611688442926,0.06385789410451612,0.15063950938520718,0.7758760959641833,0.4110992975976944,0.11291193357553511,0.10451559123337865,20
synth2,hard,gauss,random_emb,"random_emb|alpha=1.0,q=0.3",2,-3.6851360986764403,0.0007076263427734375,3.9417127513592973,0.0003223419189453125,-9.124591837956439,0.5586665734568823,0.060516611688442926,0.06385789410451612,0.15063950938520718,0.7758760959641833,0.4110992975976944,0.11291193357553511,0.10451559123337865,20
synth2,hard,gauss,smoothed_loss,smoothed_loss|alpha=0.5,2,-3.4935231705485674,0.0072956085205078125,7.774842421914587,3.814697265625e-06,-11.53229336405048,0.8206996901292538,0.060516611688442926,0.06385789410451612,0.15063950938520718,0.7758760959641833,0.4110992975976944,0.11291193357553511,0.10451559123337865,20
synth2,hard,gauss,smoothed_loss,smoothed_loss|alpha=1.0,2,-10.187075615715873,3.62396240234375e-05,11.456482244257154,3.814697265625e-06,-25.603602690107603,0.5357372240386339,0.060516611688442926,0.06385789410451612,0.15063950938520718,0.7758760959641833,0.4110992975976944,0.11291193357553511,0.10451559123337865,20
synth2,hard,gauss,weakspot,"weakspot|alpha=0.5,q=0.03",2,-27.5376599782264,1.9073486328125e-06,8.508768968562906,4.76837158203125e-05,-53.22861745427583,0.20341476620659993,0.060516611688442926,0.06385789410451612,0.15063950938520718,0.7758760959641833,0.4110992975976944,0.11291193357553511,0.10451559123337865,20
synth2,hard,gauss,weakspot,"weakspot|alpha=0.5,q=0.1",2,-10.783233578658702,5.7220458984375e-06,14.092258855894695,1.9073486328125e-06,-28.46481301646281,0.4999756942585002,0.060516611688442926,0.06385789410451612,0.15063950938520718,0.7758760959641833,0.4110992975976944,0.11291193357553511,0.10451559123337865,20
synth2,hard,gauss,weakspot,"weakspot|alpha=0.5,q=0.3",2,-2.3938543705692097,0.026641845703125,6.9109083226433805,1.9073486328125e-06,-9.00391605387076,0.8350771776306501,0.060516611688442926,0.06385789410451612,0.15063950938520718,0.7758760959641833,0.4110992975976944,0.11291193357553511,0.10451559123337865,20
synth2,hard,gauss,weakspot,"weakspot|alpha=1.0,q=0.03",2,-849.9078338333559,1.9073486328125e-06,11.888516600586248,0.03623390197753906,-1463.2291614551561,0.06000868030807523,0.060516611688442926,0.06385789410451612,0.15063950938520718,0.7758760959641833,0.4110992975976944,0.11291193357553511,0.10451559123337865,20
synth2,hard,gauss,weakspot,"weakspot|alpha=1.0,q=0.1",2,-58.66056542287504,1.9073486328125e-06,24.370688659993746,1.9073486328125e-06,-117.76812756744047,0.19998444477913746,0.060516611688442926,0.06385789410451612,0.15063950938520718,0.7758760959641833,0.4110992975976944,0.11291193357553511,0.10451559123337865,20
synth2,hard,gauss,weakspot,"weakspot|alpha=1.0,q=0.3",2,-7.45750472362292,0.000133514404296875,12.250998875992272,1.9073486328125e-06,-21.468898185635254,0.5586665734568824,0.060516611688442926,0.06385789410451612,0.15063950938520718,0.7758760959641833,0.4110992975976944,0.11291193357553511,0.10451559123337865,20
synth2,hard,gauss,weakspot_emb,"weakspot_emb|alpha=0.5,q=0.03",2,-24.355195159970002,1.9073486328125e-06,9.426978658085128,3.814697265625e-06,-48.427042700242474,0.20341476620659993,0.060516611688442926,0.06385789410451612,0.15063950938520718,0.7758760959641833,0.4110992975976944,0.11291193357553511,0.10451559123337865,20
synth2,hard,gauss,weakspot_emb,"weakspot_emb|alpha=0.5,q=0.1",2,-9.464053713069731,6.29425048828125e-05,13.467295532946148,1.9073486328125e-06,-25.771742217357342,0.4999756942585002,0.060516611688442926,0.06385789410451612,0.15063950938520718,0.7758760959641833,0.4110992975976944,0.11291193357553511,0.10451559123337865,20
synth2,hard,gauss,weakspot_emb,"weakspot_emb|alpha=0.5,q=0.3",2,-1.9935454948753792,0.10539817810058594,7.316192798462579,1.9073486328125e-06,-8.609811367322653,0.8350771776306501,0.060516611688442926,0.06385789410451612,0.15063950938520718,0.7758760959641833,0.4110992975976944,0.11291193357553511,0.10451559123337865,20
synth2,hard,gauss,weakspot_emb,"weakspot_emb|alpha=1.0,q=0.03",2,-632.6169669029903,1.9073486328125e-06,-0.9682693579186207,0.4304332733154297,-1082.744925914049,0.06000868030807523,0.060516611688442926,0.06385789410451612,0.15063950938520718,0.7758760959641833,0.4110992975976944,0.11291193357553511,0.10451559123337865,20
synth2,hard,gauss,weakspot_emb,"weakspot_emb|alpha=1.0,q=0.1",2,-70.47819712960386,1.9073486328125e-06,21.81366694162738,1.9073486328125e-06,-136.18394649982656,0.19998444477913746,0.060516611688442926,0.06385789410451612,0.15063950938520718,0.7758760959641833,0.4110992975976944,0.11291193357553511,0.10451559123337865,20
synth2,hard,gauss,weakspot_emb,"weakspot_emb|alpha=1.0,q=0.3",2,-8.51210869961108,0.0001678466796875,13.244681330503884,1.9073486328125e-06,-23.986983824370796,0.5586665734568824,0.060516611688442926,0.06385789410451612,0.15063950938520718,0.7758760959641833,0.4110992975976944,0.11291193357553511,0.10451559123337865,20
synth2,hard,outlier,jtt,"jtt|q=0.2,lam=10",2,-61.77706830885233,1.9073486328125e-06,-3.5237163372679383,0.012079238891601562,-85.92824565905809,0.3769230769230769,0.5044690635952883,0.5306775906834721,0.20947018343582782,0.775646660711238,0.44503606631874365,0.17541782952392987,0.17627773073460057,20
synth2,hard,outlier,jtt,"jtt|q=0.2,lam=2",2,-12.918372967821814,1.9073486328125e-06,0.30514758325009217,0.6742229461669922,-18.39969523316444,0.9,0.5044690635952883,0.5306775906834721,0.20947018343582782,0.775646660711238,0.44503606631874365,0.17541782952392987,0.17627773073460057,20
synth2,hard,outlier,jtt,"jtt|q=0.2,lam=5",2,-38.11131451260632,1.9073486328125e-06,-1.528280804765082,0.017181396484375,-53.27721333270673,0.5586206896551722,0.5044690635952883,0.5306775906834721,0.20947018343582782,0.775646660711238,0.44503606631874365,0.17541782952392987,0.17627773073460057,20
synth2,hard,outlier,loss,loss|alpha=0.5,2,-90.66059397523934,1.9073486328125e-06,-20.809066172346878,1.9073486328125e-06,-119.7030125792462,0.5940023814034968,0.5044690635952883,0.5306775906834721,0.20947018343582782,0.775646660711238,0.44503606631874365,0.17541782952392987,0.17627773073460057,20
synth2,hard,outlier,loss,loss|alpha=1.0,2,-166.08726766484307,1.9073486328125e-06,-35.70079191191296,1.9073486328125e-06,-220.25243982595373,0.2693150680070512,0.5044690635952883,0.5306775906834721,0.20947018343582782,0.775646660711238,0.44503606631874365,0.17541782952392987,0.17627773073460057,20
synth2,hard,outlier,oracle,"oracle|alpha=0.5,q=0.03",2,-12.33392777838499,3.814697265625e-06,5.055261604347531,0.006389617919921875,-19.559400974597306,0.20341476620659993,0.5044690635952883,0.5306775906834721,0.20947018343582782,0.775646660711238,0.44503606631874365,0.17541782952392987,0.17627773073460057,20
synth2,hard,outlier,oracle,"oracle|alpha=0.5,q=0.1",2,-3.431746648912345,0.000850677490234375,10.35336882162574,1.9073486328125e-06,-9.127133217201683,0.4999756942585002,0.5044690635952883,0.5306775906834721,0.20947018343582782,0.775646660711238,0.44503606631874365,0.17541782952392987,0.17627773073460057,20
synth2,hard,outlier,oracle,"oracle|alpha=0.5,q=0.3",2,-0.44842896799800575,0.5458755493164062,4.382359164494544,1.9073486328125e-06,-2.439567636400083,0.8350771776306501,0.5044690635952883,0.5306775906834721,0.20947018343582782,0.775646660711238,0.44503606631874365,0.17541782952392987,0.17627773073460057,20
synth2,hard,outlier,oracle,"oracle|alpha=1.0,q=0.03",2,-374.02686256169994,1.9073486328125e-06,14.949156059643473,1.33514404296875e-05,-535.9972255310141,0.06000868030807521,0.5044690635952883,0.5306775906834721,0.20947018343582782,0.775646660711238,0.44503606631874365,0.17541782952392987,0.17627773073460057,20
synth2,hard,outlier,oracle,"oracle|alpha=1.0,q=0.1",2,-27.54042070608722,1.9073486328125e-06,19.305417908980353,1.9073486328125e-06,-46.955731887774085,0.1999844447791374,0.5044690635952883,0.5306775906834721,0.20947018343582782,0.775646660711238,0.44503606631874365,0.17541782952392987,0.17627773073460057,20
synth2,hard,outlier,oracle,"oracle|alpha=1.0,q=0.3",2,-2.127660688959334,0.04405403137207031,8.369871535889951,1.9073486328125e-06,-6.472838961912031,0.5586665734568823,0.5044690635952883,0.5306775906834721,0.20947018343582782,0.775646660711238,0.44503606631874365,0.17541782952392987,0.17627773073460057,20
synth2,hard,outlier,random_emb,"random_emb|alpha=0.5,q=0.03",2,-3.648678010729517,0.0004825592041015625,-0.4016523029477888,0.2305126190185547,-5.0078135969780995,0.20341476620659987,0.5044690635952883,0.5306775906834721,0.20947018343582782,0.775646660711238,0.44503606631874365,0.17541782952392987,0.17627773073460057,20
synth2,hard,outlier,random_emb,"random_emb|alpha=0.5,q=0.1",2,-0.8715794576519273,0.08969497680664062,1.0074825969173624,0.10539817810058594,-1.658773019004547,0.4999756942585002,0.5044690635952883,0.5306775906834721,0.20947018343582782,0.775646660711238,0.44503606631874365,0.17541782952392987,0.17627773073460057,20
synth2,hard,outlier,random_emb,"random_emb|alpha=0.5,q=0.3",2,0.43676428531007,0.47490501403808594,1.5886785910601247,0.0003948211669921875,-0.041659921679271905,0.8350771776306501,0.5044690635952883,0.5306775906834721,0.20947018343582782,0.775646660711238,0.44503606631874365,0.17541782952392987,0.17627773073460057,20
synth2,hard,outlier,random_emb,"random_emb|alpha=1.0,q=0.03",2,-298.927053008608,1.9073486328125e-06,-93.77976587620584,3.814697265625e-06,-384.1498746297733,0.06000868030807521,0.5044690635952883,0.5306775906834721,0.20947018343582782,0.775646660711238,0.44503606631874365,0.17541782952392987,0.17627773073460057,20
synth2,hard,outlier,random_emb,"random_emb|alpha=1.0,q=0.1",2,-29.60470306170533,1.9073486328125e-06,-1.7593552774275065,0.4523754119873047,-41.176619300370945,0.1999844447791374,0.5044690635952883,0.5306775906834721,0.20947018343582782,0.775646660711238,0.44503606631874365,0.17541782952392987,0.17627773073460057,20
synth2,hard,outlier,random_emb,"random_emb|alpha=1.0,q=0.3",2,-0.012068512920383821,0.956329345703125,3.493566288430192,0.0001049041748046875,-1.4651279946034284,0.5586665734568823,0.5044690635952883,0.5306775906834721,0.20947018343582782,0.775646660711238,0.44503606631874365,0.17541782952392987,0.17627773073460057,20
synth2,hard,outlier,smoothed_loss,smoothed_loss|alpha=0.5,2,-7.174817879753984,5.7220458984375e-06,0.2711221525128719,0.8408222198486328,-10.254107180193412,0.8723387913784195,0.5044690635952883,0.5306775906834721,0.20947018343582782,0.775646660711238,0.44503606631874365,0.17541782952392987,0.17627773073460057,20
synth2,hard,outlier,smoothed_loss,smoothed_loss|alpha=1.0,2,-15.983813135757082,1.9073486328125e-06,-1.291635670202843,0.08969497680664062,-22.071335553553425,0.6323895098441004,0.5044690635952883,0.5306775906834721,0.20947018343582782,0.775646660711238,0.44503606631874365,0.17541782952392987,0.17627773073460057,20
synth2,hard,outlier,weakspot,"weakspot|alpha=0.5,q=0.03",2,-6.826709132315746,1.9073486328125e-06,-1.542283659704173,0.029575347900390625,-9.016237694540404,0.20341476620659987,0.5044690635952883,0.5306775906834721,0.20947018343582782,0.775646660711238,0.44503606631874365,0.17541782952392987,0.17627773073460057,20
synth2,hard,outlier,weakspot,"weakspot|alpha=0.5,q=0.1",2,-1.606093575742783,0.01068878173828125,0.329387631206788,0.7561664581298828,-2.4126610723899784,0.4999756942585002,0.5044690635952883,0.5306775906834721,0.20947018343582782,0.775646660711238,0.44503606631874365,0.17541782952392987,0.17627773073460057,20
synth2,hard,outlier,weakspot,"weakspot|alpha=0.5,q=0.3",2,0.08916555803002958,0.7561664581298828,0.9749675497167773,0.2305126190185547,-0.2684384969514263,0.8350771776306501,0.5044690635952883,0.5306775906834721,0.20947018343582782,0.775646660711238,0.44503606631874365,0.17541782952392987,0.17627773073460057,20
synth2,hard,outlier,weakspot,"weakspot|alpha=1.0,q=0.03",2,-347.1768274149202,1.9073486328125e-06,-117.1600141031668,5.7220458984375e-06,-442.8624948641739,0.06000868030807521,0.5044690635952883,0.5306775906834721,0.20947018343582782,0.775646660711238,0.44503606631874365,0.17541782952392987,0.17627773073460057,20
synth2,hard,outlier,weakspot,"weakspot|alpha=1.0,q=0.1",2,-19.176419395802853,1.9073486328125e-06,-0.34565745996485164,0.8694877624511719,-26.95324250017977,0.1999844447791374,0.5044690635952883,0.5306775906834721,0.20947018343582782,0.775646660711238,0.44503606631874365,0.17541782952392987,0.17627773073460057,20
synth2,hard,outlier,weakspot,"weakspot|alpha=1.0,q=0.3",2,0.11894688385463789,0.6476554870605469,2.3052044148757336,0.082550048828125,-0.7715389157936131,0.5586665734568824,0.5044690635952883,0.5306775906834721,0.20947018343582782,0.775646660711238,0.44503606631874365,0.17541782952392987,0.17627773073460057,20
synth2,hard,outlier,weakspot_emb,"weakspot_emb|alpha=0.5,q=0.03",2,-7.9437617294080125,1.9073486328125e-06,-1.3345851731058698,0.026641845703125,-10.66493609751537,0.20341476620659987,0.5044690635952883,0.5306775906834721,0.20947018343582782,0.775646660711238,0.44503606631874365,0.17541782952392987,0.17627773073460057,20
synth2,hard,outlier,weakspot_emb,"weakspot_emb|alpha=0.5,q=0.1",2,-2.6006645841964193,0.0023250579833984375,1.0071899128006252,0.7285060882568359,-4.0795540661739285,0.4999756942585002,0.5044690635952883,0.5306775906834721,0.20947018343582782,0.775646660711238,0.44503606631874365,0.17541782952392987,0.17627773073460057,20
synth2,hard,outlier,weakspot_emb,"weakspot_emb|alpha=0.5,q=0.3",2,-0.20971945039080234,0.2942523956298828,1.4547567802996977,0.06372261047363281,-0.8860281610799873,0.8350771776306501,0.5044690635952883,0.5306775906834721,0.20947018343582782,0.775646660711238,0.44503606631874365,0.17541782952392987,0.17627773073460057,20
synth2,hard,outlier,weakspot_emb,"weakspot_emb|alpha=1.0,q=0.03",2,-371.1786291344851,1.9073486328125e-06,-127.4331176765533,5.7220458984375e-06,-472.0939442243287,0.06000868030807521,0.5044690635952883,0.5306775906834721,0.20947018343582782,0.775646660711238,0.44503606631874365,0.17541782952392987,0.17627773073460057,20
synth2,hard,outlier,weakspot_emb,"weakspot_emb|alpha=1.0,q=0.1",2,-28.44321564443796,1.9073486328125e-06,0.5703045099015334,0.956329345703125,-40.46385963068518,0.19998444477913746,0.5044690635952883,0.5306775906834721,0.20947018343582782,0.775646660711238,0.44503606631874365,0.17541782952392987,0.17627773073460057,20
synth2,hard,outlier,weakspot_emb,"weakspot_emb|alpha=1.0,q=0.3",2,-1.8214739135769202,0.039989471435546875,3.680994304588836,0.013616561889648438,-4.082099468067083,0.5586665734568823,0.5044690635952883,0.5306775906834721,0.20947018343582782,0.775646660711238,0.44503606631874365,0.17541782952392987,0.17627773073460057,20
synth20,hard,gauss,jtt,"jtt|q=0.2,lam=10",20,-18.3764457799736,0.001953125,-7.613608839573558,0.001953125,-22.037570379182867,0.37692307692307697,0.1906310354459852,0.06152045193534211,0.17312871205935304,0.9469835714779562,0.351556943072657,0.14766254498514791,0.157233327055381,10
synth20,hard,gauss,jtt,"jtt|q=0.2,lam=2",20,-1.3121788798202043,0.037109375,1.2592050442489782,0.10546875,-2.1833269681625986,0.9000000000000001,0.1906310354459852,0.06152045193534211,0.17312871205935304,0.9469835714779562,0.351556943072657,0.14766254498514791,0.157233327055381,10
synth20,hard,gauss,jtt,"jtt|q=0.2,lam=5",20,-9.468340464456514,0.001953125,-2.555570746622492,0.10546875,-11.826894657819919,0.5586206896551723,0.1906310354459852,0.06152045193534211,0.17312871205935304,0.9469835714779562,0.351556943072657,0.14766254498514791,0.157233327055381,10
synth20,hard,gauss,loss,loss|alpha=0.5,20,-2.6325852154175986,0.001953125,1.9806889245053183,0.130859375,-4.208871794504271,0.8537712674783096,0.1906310354459852,0.06152045193534211,0.17312871205935304,0.9469835714779562,0.351556943072657,0.14766254498514791,0.157233327055381,10
synth20,hard,gauss,loss,loss|alpha=1.0,20,-10.388440136303155,0.001953125,-2.2543816934697554,0.130859375,-13.164003192106932,0.5935822961594017,0.1906310354459852,0.06152045193534211,0.17312871205935304,0.9469835714779562,0.351556943072657,0.14766254498514791,0.157233327055381,10
synth20,hard,gauss,oracle,"oracle|alpha=0.5,q=0.03",20,-11.575640710335621,0.001953125,0.17986190734249854,0.556640625,-15.507852897102534,0.20338992792923896,0.1906310354459852,0.06152045193534211,0.17312871205935304,0.9469835714779562,0.351556943072657,0.14766254498514791,0.157233327055381,10
synth20,hard,gauss,oracle,"oracle|alpha=0.5,q=0.1",20,-10.999549827779573,0.001953125,-0.688759141019972,0.845703125,-14.45276134503003,0.49997164126515886,0.1906310354459852,0.06152045193534211,0.17312871205935304,0.9469835714779562,0.351556943072657,0.14766254498514791,0.157233327055381,10
synth20,hard,gauss,oracle,"oracle|alpha=0.5,q=0.3",20,-4.502317693701956,0.001953125,0.4331164240884447,0.76953125,-6.146876585973245,0.8350767279163765,0.1906310354459852,0.06152045193534211,0.17312871205935304,0.9469835714779562,0.351556943072657,0.14766254498514791,0.157233327055381,10
synth20,hard,gauss,oracle,"oracle|alpha=1.0,q=0.03",20,-1029.3556871768894,0.001953125,3.6807797398095183,0.322265625,-1375.7558850671994,0.060000033912171,0.1906310354459852,0.06152045193534211,0.17312871205935304,0.9469835714779562,0.351556943072657,0.14766254498514791,0.157233327055381,10
synth20,hard,gauss,oracle,"oracle|alpha=1.0,q=0.1",20,-45.70606507161062,0.001953125,-2.046085004366854,1.0,-60.32195013485964,0.19998185102731997,0.1906310354459852,0.06152045193534211,0.17312871205935304,0.9469835714779562,0.351556943072657,0.14766254498514791,0.157233327055381,10
synth20,hard,gauss,oracle,"oracle|alpha=1.0,q=0.3",20,-13.320856781614314,0.001953125,-1.5537900093875276,0.6953125,-17.274776224152482,0.5586657683594964,0.1906310354459852,0.06152045193534211,0.17312871205935304,0.9469835714779562,0.351556943072657,0.14766254498514791,0.157233327055381,10
synth20,hard,gauss,random_emb,"random_emb|alpha=0.5,q=0.03",20,-3.889399854829063,0.005859375,-3.1743698897290336,0.10546875,-4.151279132166059,0.203389927929239,0.1906310354459852,0.06152045193534211,0.17312871205935304,0.9469835714779562,0.351556943072657,0.14766254498514791,0.157233327055381,10
synth20,hard,gauss,random_emb,"random_emb|alpha=0.5,q=0.1",20,-4.550830022762341,0.013671875,-2.184254475907893,0.275390625,-5.35471361614299,0.49997164126515886,0.1906310354459852,0.06152045193534211,0.17312871205935304,0.9469835714779562,0.351556943072657,0.14766254498514791,0.157233327055381,10
synth20,hard,gauss,random_emb,"random_emb|alpha=0.5,q=0.3",20,-1.5228390182098013,0.275390625,0.7076279133013401,0.431640625,-2.2762865361454394,0.8350767279163763,0.1906310354459852,0.06152045193534211,0.17312871205935304,0.9469835714779562,0.351556943072657,0.14766254498514791,0.157233327055381,10
synth20,hard,gauss,random_emb,"random_emb|alpha=1.0,q=0.03",20,-198.3885138918134,0.001953125,-101.04126335778692,0.001953125,-230.62094728287556,0.060000033912171,0.1906310354459852,0.06152045193534211,0.17312871205935304,0.9469835714779562,0.351556943072657,0.14766254498514791,0.157233327055381,10
synth20,hard,gauss,random_emb,"random_emb|alpha=1.0,q=0.1",20,-32.8779818733899,0.001953125,-19.206759335459214,0.001953125,-37.373296136092065,0.19998185102731997,0.1906310354459852,0.06152045193534211,0.17312871205935304,0.9469835714779562,0.351556943072657,0.14766254498514791,0.157233327055381,10
synth20,hard,gauss,random_emb,"random_emb|alpha=1.0,q=0.3",20,-5.27490338435577,0.013671875,-1.4356446476843285,0.76953125,-6.58422631208742,0.5586657683594964,0.1906310354459852,0.06152045193534211,0.17312871205935304,0.9469835714779562,0.351556943072657,0.14766254498514791,0.157233327055381,10
synth20,hard,gauss,smoothed_loss,smoothed_loss|alpha=0.5,20,-0.6203327390375205,0.064453125,0.23169396029112319,0.845703125,-0.9159720184686879,0.9788139943658493,0.1906310354459852,0.06152045193534211,0.17312871205935304,0.9469835714779562,0.351556943072657,0.14766254498514791,0.157233327055381,10
synth20,hard,gauss,smoothed_loss,smoothed_loss|alpha=1.0,20,-2.684129201292576,0.001953125,-0.40640551640290595,0.431640625,-3.4506400321087414,0.9203586915306916,0.1906310354459852,0.06152045193534211,0.17312871205935304,0.9469835714779562,0.351556943072657,0.14766254498514791,0.157233327055381,10
synth20,hard,gauss,weakspot,"weakspot|alpha=0.5,q=0.03",20,-6.747276347477784,0.001953125,-5.1058663834162505,0.001953125,-7.297495434968344,0.20338992792923896,0.1906310354459852,0.06152045193534211,0.17312871205935304,0.9469835714779562,0.351556943072657,0.14766254498514791,0.157233327055381,10
synth20,hard,gauss,weakspot,"weakspot|alpha=0.5,q=0.1",20,-6.979899019654618,0.001953125,-4.204166374960545,0.01953125,-7.9150907273601305,0.499971641265159,0.1906310354459852,0.06152045193534211,0.17312871205935304,0.9469835714779562,0.351556943072657,0.14766254498514791,0.157233327055381,10
synth20,hard,gauss,weakspot,"weakspot|alpha=0.5,q=0.3",20,-3.311026844601552,0.001953125,-2.0341161286913816,0.083984375,-3.7359749536331397,0.8350767279163765,0.1906310354459852,0.06152045193534211,0.17312871205935304,0.9469835714779562,0.351556943072657,0.14766254498514791,0.157233327055381,10
synth20,hard,gauss,weakspot,"weakspot|alpha=1.0,q=0.03",20,-72.50957640563998,0.001953125,-38.87446894903218,0.001953125,-83.74933524023591,0.060000033912171,0.1906310354459852,0.06152045193534211,0.17312871205935304,0.9469835714779562,0.351556943072657,0.14766254498514791,0.157233327055381,10
synth20,hard,gauss,weakspot,"weakspot|alpha=1.0,q=0.1",20,-27.706592818955393,0.001953125,-17.453558309903837,0.001953125,-31.151223719389513,0.19998185102731997,0.1906310354459852,0.06152045193534211,0.17312871205935304,0.9469835714779562,0.351556943072657,0.14766254498514791,0.157233327055381,10
synth20,hard,gauss,weakspot,"weakspot|alpha=1.0,q=0.3",20,-10.835947100999043,0.001953125,-6.318773930544266,0.001953125,-12.358605450372668,0.5586657683594964,0.1906310354459852,0.06152045193534211,0.17312871205935304,0.9469835714779562,0.351556943072657,0.14766254498514791,0.157233327055381,10
synth20,hard,gauss,weakspot_emb,"weakspot_emb|alpha=0.5,q=0.03",20,-8.535815833114121,0.001953125,-4.6672315443298515,0.001953125,-9.846527840219972,0.20338992792923896,0.1906310354459852,0.06152045193534211,0.17312871205935304,0.9469835714779562,0.351556943072657,0.14766254498514791,0.157233327055381,10
synth20,hard,gauss,weakspot_emb,"weakspot_emb|alpha=0.5,q=0.1",20,-6.84834931863929,0.001953125,-1.5211820575789339,0.275390625,-8.632311304533914,0.49997164126515886,0.1906310354459852,0.06152045193534211,0.17312871205935304,0.9469835714779562,0.351556943072657,0.14766254498514791,0.157233327055381,10
synth20,hard,gauss,weakspot_emb,"weakspot_emb|alpha=0.5,q=0.3",20,-4.048926647472573,0.001953125,0.17962975066303163,0.4921875,-5.447430188820127,0.8350767279163762,0.1906310354459852,0.06152045193534211,0.17312871205935304,0.9469835714779562,0.351556943072657,0.14766254498514791,0.157233327055381,10
synth20,hard,gauss,weakspot_emb,"weakspot_emb|alpha=1.0,q=0.03",20,-207.59297180841443,0.001953125,-23.633336546245054,0.001953125,-268.8865162685796,0.060000033912171,0.1906310354459852,0.06152045193534211,0.17312871205935304,0.9469835714779562,0.351556943072657,0.14766254498514791,0.157233327055381,10
synth20,hard,gauss,weakspot_emb,"weakspot_emb|alpha=1.0,q=0.1",20,-41.76089386377648,0.001953125,-10.645135837523908,0.001953125,-52.1968843255193,0.19998185102731997,0.1906310354459852,0.06152045193534211,0.17312871205935304,0.9469835714779562,0.351556943072657,0.14766254498514791,0.157233327055381,10
synth20,hard,gauss,weakspot_emb,"weakspot_emb|alpha=1.0,q=0.3",20,-10.470630925489571,0.001953125,-3.5505037825088706,0.02734375,-12.779604376888178,0.5586657683594964,0.1906310354459852,0.06152045193534211,0.17312871205935304,0.9469835714779562,0.351556943072657,0.14766254498514791,0.157233327055381,10
synth5,hard,gauss,jtt,"jtt|q=0.2,lam=10",5,-16.965222419423938,1.9073486328125e-06,9.65255523136857,1.9073486328125e-06,-29.088797094920732,0.3769230769230771,0.056327623024244725,0.05090177653301481,0.1547341910376498,0.9497798299355658,0.38278979148664416,0.12164106711422931,0.1298102467493843,20
synth5,hard,gauss,jtt,"jtt|q=0.2,lam=2",5,-3.740752533427582,0.000850677490234375,5.150191141359808,1.9073486328125e-06,-7.792140706237389,0.9,0.056327623024244725,0.05090177653301481,0.1547341910376498,0.9497798299355658,0.38278979148664416,0.12164106711422931,0.1298102467493843,20
synth5,hard,gauss,jtt,"jtt|q=0.2,lam=5",5,-10.192175695059731,1.9073486328125e-06,8.90872608528628,1.9073486328125e-06,-18.90221185375916,0.5586206896551722,0.056327623024244725,0.05090177653301481,0.1547341910376498,0.9497798299355658,0.38278979148664416,0.12164106711422931,0.1298102467493843,20
synth5,hard,gauss,loss,loss|alpha=0.5,5,-8.698713931626033,3.814697265625e-06,8.251405088240455,3.814697265625e-06,-16.431518920480208,0.7871700746816395,0.056327623024244725,0.05090177653301481,0.1547341910376498,0.9497798299355658,0.38278979148664416,0.12164106711422931,0.1298102467493843,20
synth5,hard,gauss,loss,loss|alpha=1.0,5,-14.982722611072647,1.9073486328125e-06,11.703052970266748,3.814697265625e-06,-27.159334314751995,0.4817597069096128,0.056327623024244725,0.05090177653301481,0.1547341910376498,0.9497798299355658,0.38278979148664416,0.12164106711422931,0.1298102467493843,20
synth5,hard,gauss,oracle,"oracle|alpha=0.5,q=0.03",5,-23.488687617969433,1.9073486328125e-06,9.70846181306932,4.76837158203125e-05,-38.61912327826413,0.203391389074211,0.056327623024244725,0.05090177653301481,0.1547341910376498,0.9497798299355658,0.38278979148664416,0.12164106711422931,0.1298102467493843,20
synth5,hard,gauss,oracle,"oracle|alpha=0.5,q=0.1",5,-12.878280708001443,1.9073486328125e-06,11.35012759576966,1.9073486328125e-06,-23.915169258647133,0.49997187967820117,0.056327623024244725,0.05090177653301481,0.1547341910376498,0.9497798299355658,0.38278979148664416,0.12164106711422931,0.1298102467493843,20
synth5,hard,gauss,oracle,"oracle|alpha=0.5,q=0.3",5,-6.045966251703552,3.814697265625e-06,6.20847913773405,5.7220458984375e-06,-11.640929938891121,0.8350767543701865,0.056327623024244725,0.05090177653301481,0.1547341910376498,0.9497798299355658,0.38278979148664416,0.12164106711422931,0.1298102467493843,20
synth5,hard,gauss,oracle,"oracle|alpha=1.0,q=0.03",5,-795.5229176494182,1.9073486328125e-06,22.526428590470477,1.9073486328125e-06,-1168.1859731902305,0.06000054253748109,0.056327623024244725,0.05090177653301481,0.1547341910376498,0.9497798299355658,0.38278979148664416,0.12164106711422931,0.1298102467493843,20
synth5,hard,gauss,oracle,"oracle|alpha=1.0,q=0.1",5,-52.996398571139736,1.9073486328125e-06,18.661655751591738,1.9073486328125e-06,-85.62015268508911,0.19998200360132615,0.056327623024244725,0.05090177653301481,0.1547341910376498,0.9497798299355658,0.38278979148664416,0.12164106711422931,0.1298102467493843,20
synth5,hard,gauss,oracle,"oracle|alpha=1.0,q=0.3",5,-12.110686969292694,1.9073486328125e-06,10.420563831088469,1.9073486328125e-06,-22.391305226114643,0.5586658157181785,0.056327623024244725,0.05090177653301481,0.1547341910376498,0.9497798299355658,0.38278979148664416,0.12164106711422931,0.1298102467493843,20
synth5,hard,gauss,random_emb,"random_emb|alpha=0.5,q=0.03",5,-5.395378488022279,9.5367431640625e-06,-3.235231295066002,0.0002613067626953125,-6.396263140808342,0.203391389074211,0.056327623024244725,0.05090177653301481,0.1547341910376498,0.9497798299355658,0.38278979148664416,0.12164106711422931,0.1298102467493843,20
synth5,hard,gauss,random_emb,"random_emb|alpha=0.5,q=0.1",5,-2.2585752906059353,0.00830841064453125,0.1151920673821584,0.9854354858398438,-3.351646016566303,0.49997187967820117,0.056327623024244725,0.05090177653301481,0.1547341910376498,0.9497798299355658,0.38278979148664416,0.12164106711422931,0.1298102467493843,20
synth5,hard,gauss,random_emb,"random_emb|alpha=0.5,q=0.3",5,0.0006918884308997928,0.7841262817382812,1.4866888090564006,0.03623390197753906,-0.6831989959328281,0.8350767543701865,0.056327623024244725,0.05090177653301481,0.1547341910376498,0.9497798299355658,0.38278979148664416,0.12164106711422931,0.1298102467493843,20
synth5,hard,gauss,random_emb,"random_emb|alpha=1.0,q=0.03",5,-321.73175633510976,1.9073486328125e-06,-113.72179516746952,1.9073486328125e-06,-416.2255514816425,0.060000542537481105,0.056327623024244725,0.05090177653301481,0.1547341910376498,0.9497798299355658,0.38278979148664416,0.12164106711422931,0.1298102467493843,20
synth5,hard,gauss,random_emb,"random_emb|alpha=1.0,q=0.1",5,-34.2773562977067,1.9073486328125e-06,-8.563547716576926,0.0005855560302734375,-46.011268570420704,0.19998200360132617,0.056327623024244725,0.05090177653301481,0.1547341910376498,0.9497798299355658,0.38278979148664416,0.12164106711422931,0.1298102467493843,20
synth5,hard,gauss,random_emb,"random_emb|alpha=1.0,q=0.3",5,-2.14070054555138,0.029575347900390625,3.01356132798147,0.01531219482421875,-4.507586169178793,0.5586658157181785,0.056327623024244725,0.05090177653301481,0.1547341910376498,0.9497798299355658,0.38278979148664416,0.12164106711422931,0.1298102467493843,20
synth5,hard,gauss,smoothed_loss,smoothed_loss|alpha=0.5,5,-5.5891376242629995,1.9073486328125e-06,4.358533223449229,1.33514404296875e-05,-10.130001872920195,0.9266144702199544,0.056327623024244725,0.05090177653301481,0.1547341910376498,0.9497798299355658,0.38278979148664416,0.12164106711422931,0.1298102467493843,20
synth5,hard,gauss,smoothed_loss,smoothed_loss|alpha=1.0,5,-9.102130719558474,3.814697265625e-06,6.78640688210027,3.814697265625e-06,-16.36013886102532,0.7605618369773989,0.056327623024244725,0.05090177653301481,0.1547341910376498,0.9497798299355658,0.38278979148664416,0.12164106711422931,0.1298102467493843,20
synth5,hard,gauss,weakspot,"weakspot|alpha=0.5,q=0.03",5,-16.83442862146158,3.814697265625e-06,-3.8921803058050926,0.023950576782226562,-22.74675166410881,0.203391389074211,0.056327623024244725,0.05090177653301481,0.1547341910376498,0.9497798299355658,0.38278979148664416,0.12164106711422931,0.1298102467493843,20
synth5,hard,gauss,weakspot,"weakspot|alpha=0.5,q=0.1",5,-7.441402726869719,2.6702880859375e-05,1.9212570898883028,0.13272666931152344,-11.735805683429437,0.49997187967820117,0.056327623024244725,0.05090177653301481,0.1547341910376498,0.9497798299355658,0.38278979148664416,0.12164106711422931,0.1298102467493843,20
synth5,hard,gauss,weakspot,"weakspot|alpha=0.5,q=0.3",5,-2.042202910927483,0.01531219482421875,2.9556656132140695,0.000133514404296875,-4.32723143040049,0.8350767543701865,0.056327623024244725,0.05090177653301481,0.1547341910376498,0.9497798299355658,0.38278979148664416,0.12164106711422931,0.1298102467493843,20
synth5,hard,gauss,weakspot,"weakspot|alpha=1.0,q=0.03",5,-235.9264861046192,1.9073486328125e-06,-44.251375207227404,1.9073486328125e-06,-323.18738917201273,0.060000542537481084,0.056327623024244725,0.05090177653301481,0.1547341910376498,0.9497798299355658,0.38278979148664416,0.12164106711422931,0.1298102467493843,20
synth5,hard,gauss,weakspot,"weakspot|alpha=1.0,q=0.1",5,-47.32748856158438,1.9073486328125e-06,-4.459965653215173,0.03276824951171875,-66.90199363989261,0.19998200360132615,0.056327623024244725,0.05090177653301481,0.1547341910376498,0.9497798299355658,0.38278979148664416,0.12164106711422931,0.1298102467493843,20
synth5,hard,gauss,weakspot,"weakspot|alpha=1.0,q=0.3",5,-8.977153617254267,1.9073486328125e-06,3.1563570326151993,0.021484375,-14.534090393818337,0.5586658157181785,0.056327623024244725,0.05090177653301481,0.1547341910376498,0.9497798299355658,0.38278979148664416,0.12164106711422931,0.1298102467493843,20
synth5,hard,gauss,weakspot_emb,"weakspot_emb|alpha=0.5,q=0.03",5,-22.953889166835364,1.9073486328125e-06,3.0084573362783873,0.36827659606933594,-34.7868015768742,0.203391389074211,0.056327623024244725,0.05090177653301481,0.1547341910376498,0.9497798299355658,0.38278979148664416,0.12164106711422931,0.1298102467493843,20
synth5,hard,gauss,weakspot_emb,"weakspot_emb|alpha=0.5,q=0.1",5,-11.625853930981467,3.814697265625e-06,8.233714953476905,2.6702880859375e-05,-20.667686184175025,0.49997187967820106,0.056327623024244725,0.05090177653301481,0.1547341910376498,0.9497798299355658,0.38278979148664416,0.12164106711422931,0.1298102467493843,20
synth5,hard,gauss,weakspot_emb,"weakspot_emb|alpha=0.5,q=0.3",5,-5.124415222739,6.29425048828125e-05,5.582874114750501,9.5367431640625e-06,-10.009546512995088,0.8350767543701865,0.056327623024244725,0.05090177653301481,0.1547341910376498,0.9497798299355658,0.38278979148664416,0.12164106711422931,0.1298102467493843,20
synth5,hard,gauss,weakspot_emb,"weakspot_emb|alpha=1.0,q=0.03",5,-428.1473884163313,1.9073486328125e-06,-6.827631128593241,0.04405403137207031,-619.8098672615902,0.06000054253748109,0.056327623024244725,0.05090177653301481,0.1547341910376498,0.9497798299355658,0.38278979148664416,0.12164106711422931,0.1298102467493843,20
synth5,hard,gauss,weakspot_emb,"weakspot_emb|alpha=1.0,q=0.1",5,-56.53299972790244,1.9073486328125e-06,14.737679281672246,1.9073486328125e-05,-88.95835616988718,0.19998200360132615,0.056327623024244725,0.05090177653301481,0.1547341910376498,0.9497798299355658,0.38278979148664416,0.12164106711422931,0.1298102467493843,20
synth5,hard,gauss,weakspot_emb,"weakspot_emb|alpha=1.0,q=0.3",5,-10.950698266848503,1.9073486328125e-06,9.430350574479533,1.9073486328125e-06,-20.24884651923321,0.5586658157181785,0.056327623024244725,0.05090177653301481,0.1547341910376498,0.9497798299355658,0.38278979148664416,0.12164106711422931,0.1298102467493843,20
synth5,hard,outlier,jtt,"jtt|q=0.2,lam=10",5,-49.685001359212784,1.9073486328125e-06,-12.914399368777286,1.9073486328125e-06,-60.439918295617645,0.3769230769230769,0.4896384967360833,0.4485878167598257,0.26839094731558955,0.9518211770863128,0.4814102617169465,0.23737531899526507,0.2602695056621084,20
synth5,hard,outlier,jtt,"jtt|q=0.2,lam=2",5,-12.088407748777083,1.9073486328125e-06,-2.783796201742208,3.814697265625e-06,-14.801329605187814,0.9,0.4896384967360833,0.4485878167598257,0.26839094731558955,0.9518211770863128,0.4814102617169465,0.23737531899526507,0.2602695056621084,20
synth5,hard,outlier,jtt,"jtt|q=0.2,lam=5",5,-32.16696601821488,1.9073486328125e-06,-7.876835803424114,1.9073486328125e-06,-39.27024830749404,0.5586206896551722,0.4896384967360833,0.4485878167598257,0.26839094731558955,0.9518211770863128,0.4814102617169465,0.23737531899526507,0.2602695056621084,20
synth5,hard,outlier,loss,loss|alpha=0.5,5,-58.522691365753076,1.9073486328125e-06,-20.92830096735708,1.9073486328125e-06,-69.54045634594058,0.6857948006073402,0.4896384967360833,0.4485878167598257,0.26839094731558955,0.9518211770863128,0.4814102617169465,0.23737531899526507,0.2602695056621084,20
synth5,hard,outlier,loss,loss|alpha=1.0,5,-92.49597942630758,1.9073486328125e-06,-30.594191324035247,1.9073486328125e-06,-110.64413489441185,0.35348013427947494,0.4896384967360833,0.4485878167598257,0.26839094731558955,0.9518211770863128,0.4814102617169465,0.23737531899526507,0.2602695056621084,20
synth5,hard,outlier,oracle,"oracle|alpha=0.5,q=0.03",5,-11.993145102073747,1.9073486328125e-06,1.0998651557222505,0.8408222198486328,-15.808366159563063,0.20339138907421095,0.4896384967360833,0.4485878167598257,0.26839094731558955,0.9518211770863128,0.4814102617169465,0.23737531899526507,0.2602695056621084,20
synth5,hard,outlier,oracle,"oracle|alpha=0.5,q=0.1",5,-6.050006599805509,1.9073486328125e-06,4.59862476700791,9.5367431640625e-06,-9.146576735372374,0.49997187967820117,0.4896384967360833,0.4485878167598257,0.26839094731558955,0.9518211770863128,0.4814102617169465,0.23737531899526507,0.2602695056621084,20
synth5,hard,outlier,oracle,"oracle|alpha=0.5,q=0.3",5,-2.308929597206821,9.5367431640625e-06,2.3343450723081656,4.76837158203125e-05,-3.655440146420476,0.8350767543701865,0.4896384967360833,0.4485878167598257,0.26839094731558955,0.9518211770863128,0.4814102617169465,0.23737531899526507,0.2602695056621084,20
synth5,hard,outlier,oracle,"oracle|alpha=1.0,q=0.03",5,-561.161419476941,1.9073486328125e-06,6.390240857817633,0.00485992431640625,-727.885909176604,0.06000054253748109,0.4896384967360833,0.4485878167598257,0.26839094731558955,0.9518211770863128,0.4814102617169465,0.23737531899526507,0.2602695056621084,20
synth5,hard,outlier,oracle,"oracle|alpha=1.0,q=0.1",5,-35.84894049267375,1.9073486328125e-06,8.26914044315919,3.814697265625e-06,-48.74774151902129,0.19998200360132615,0.4896384967360833,0.4485878167598257,0.26839094731558955,0.9518211770863128,0.4814102617169465,0.23737531899526507,0.2602695056621084,20
synth5,hard,outlier,oracle,"oracle|alpha=1.0,q=0.3",5,-5.994770829992303,1.9073486328125e-06,3.788524176051049,1.9073486328125e-05,-8.837464006188526,0.5586658157181785,0.4896384967360833,0.4485878167598257,0.26839094731558955,0.9518211770863128,0.4814102617169465,0.23737531899526507,0.2602695056621084,20
synth5,hard,outlier,random_emb,"random_emb|alpha=0.5,q=0.03",5,-6.647363184862655,3.814697265625e-06,-2.810984352650811,0.000209808349609375,-7.77390713610495,0.203391389074211,0.4896384967360833,0.4485878167598257,0.26839094731558955,0.9518211770863128,0.4814102617169465,0.23737531899526507,0.2602695056621084,20
synth5,hard,outlier,random_emb,"random_emb|alpha=0.5,q=0.1",5,-4.205110995695936,9.5367431640625e-06,-1.1221687250037418,0.03276824951171875,-5.1078374720987245,0.49997187967820117,0.4896384967360833,0.4485878167598257,0.26839094731558955,0.9518211770863128,0.4814102617169465,0.23737531899526507,0.2602695056621084,20
synth5,hard,outlier,random_emb,"random_emb|alpha=0.5,q=0.3",5,-1.4548998146604974,0.0010166168212890625,-0.20697378151560894,0.49800872802734375,-1.8211267590982667,0.8350767543701865,0.4896384967360833,0.4485878167598257,0.26839094731558955,0.9518211770863128,0.4814102617169465,0.23737531899526507,0.2602695056621084,20
synth5,hard,outlier,random_emb,"random_emb|alpha=1.0,q=0.03",5,-257.3746936527288,1.9073486328125e-06,-139.36316431890563,1.9073486328125e-06,-291.6554476653977,0.060000542537481084,0.4896384967360833,0.4485878167598257,0.26839094731558955,0.9518211770863128,0.4814102617169465,0.23737531899526507,0.2602695056621084,20
synth5,hard,outlier,random_emb,"random_emb|alpha=1.0,q=0.1",5,-42.15438671177201,1.9073486328125e-06,-17.424400628985154,1.9073486328125e-06,-49.40478818259397,0.19998200360132615,0.4896384967360833,0.4485878167598257,0.26839094731558955,0.9518211770863128,0.4814102617169465,0.23737531899526507,0.2602695056621084,20
synth5,hard,outlier,random_emb,"random_emb|alpha=1.0,q=0.3",5,-6.01242144157287,1.9073486328125e-06,-1.514446838377186,0.029575347900390625,-7.332387168838363,0.5586658157181785,0.4896384967360833,0.4485878167598257,0.26839094731558955,0.9518211770863128,0.4814102617169465,0.23737531899526507,0.2602695056621084,20
synth5,hard,outlier,smoothed_loss,smoothed_loss|alpha=0.5,5,-8.795465764127572,1.9073486328125e-06,-2.3153018611663296,1.33514404296875e-05,-10.687481991825518,0.9365870490482517,0.4896384967360833,0.4485878167598257,0.26839094731558955,0.9518211770863128,0.4814102617169465,0.23737531899526507,0.2602695056621084,20
synth5,hard,outlier,smoothed_loss,smoothed_loss|alpha=1.0,5,-16.73937703955586,1.9073486328125e-06,-4.935261152340997,1.9073486328125e-06,-20.19666896514094,0.7870754926265396,0.4896384967360833,0.4485878167598257,0.26839094731558955,0.9518211770863128,0.4814102617169465,0.23737531899526507,0.2602695056621084,20
synth5,hard,outlier,weakspot,"weakspot|alpha=0.5,q=0.03",5,-9.875213475246024,1.9073486328125e-06,-3.939863283656426,3.814697265625e-06,-11.60608786659008,0.203391389074211,0.4896384967360833,0.4485878167598257,0.26839094731558955,0.9518211770863128,0.4814102617169465,0.23737531899526507,0.2602695056621084,20
synth5,hard,outlier,weakspot,"weakspot|alpha=0.5,q=0.1",5,-5.681401148466508,1.9073486328125e-06,-2.0294707979760935,0.029575347900390625,-6.740846129108366,0.49997187967820117,0.4896384967360833,0.4485878167598257,0.26839094731558955,0.9518211770863128,0.4814102617169465,0.23737531899526507,0.2602695056621084,20
synth5,hard,outlier,weakspot,"weakspot|alpha=0.5,q=0.3",5,-1.444230858302042,0.0005855560302734375,0.03807027537653177,0.7841262817382812,-1.871905880132399,0.8350767543701865,0.4896384967360833,0.4485878167598257,0.26839094731558955,0.9518211770863128,0.4814102617169465,0.23737531899526507,0.2602695056621084,20
synth5,hard,outlier,weakspot,"weakspot|alpha=1.0,q=0.03",5,-250.4426689310307,1.9073486328125e-06,-125.52939961187488,1.9073486328125e-06,-286.74973274834304,0.06000054253748109,0.4896384967360833,0.4485878167598257,0.26839094731558955,0.9518211770863128,0.4814102617169465,0.23737531899526507,0.2602695056621084,20
synth5,hard,outlier,weakspot,"weakspot|alpha=1.0,q=0.1",5,-44.244592530877576,1.9073486328125e-06,-20.965297932284656,1.9073486328125e-06,-50.99792567510237,0.19998200360132615,0.4896384967360833,0.4485878167598257,0.26839094731558955,0.9518211770863128,0.4814102617169465,0.23737531899526507,0.2602695056621084,20
synth5,hard,outlier,weakspot,"weakspot|alpha=1.0,q=0.3",5,-6.3474052213739744,1.9073486328125e-06,-2.029892215744317,0.026641845703125,-7.595032021414338,0.5586658157181785,0.4896384967360833,0.4485878167598257,0.26839094731558955,0.9518211770863128,0.4814102617169465,0.23737531899526507,0.2602695056621084,20
synth5,hard,outlier,weakspot_emb,"weakspot_emb|alpha=0.5,q=0.03",5,-11.45807846054933,1.9073486328125e-06,-3.625434484924225,0.0007076263427734375,-13.732451055420885,0.203391389074211,0.4896384967360833,0.4485878167598257,0.26839094731558955,0.9518211770863128,0.4814102617169465,0.23737531899526507,0.2602695056621084,20
synth5,hard,outlier,weakspot_emb,"weakspot_emb|alpha=0.5,q=0.1",5,-4.812573805374191,1.9073486328125e-05,-1.1442219838262548,0.17685317993164062,-5.85812683514794,0.49997187967820117,0.4896384967360833,0.4485878167598257,0.26839094731558955,0.9518211770863128,0.4814102617169465,0.23737531899526507,0.2602695056621084,20
synth5,hard,outlier,weakspot_emb,"weakspot_emb|alpha=0.5,q=0.3",5,-1.2309683969198364,0.00830841064453125,0.3567654820918528,0.6215133666992188,-1.6805886317109797,0.8350767543701865,0.4896384967360833,0.4485878167598257,0.26839094731558955,0.9518211770863128,0.4814102617169465,0.23737531899526507,0.2602695056621084,20
synth5,hard,outlier,weakspot_emb,"weakspot_emb|alpha=1.0,q=0.03",5,-278.70281259345626,1.9073486328125e-06,-110.9491552658449,1.9073486328125e-06,-327.39095209671194,0.060000542537481084,0.4896384967360833,0.4485878167598257,0.26839094731558955,0.9518211770863128,0.4814102617169465,0.23737531899526507,0.2602695056621084,20
synth5,hard,outlier,weakspot_emb,"weakspot_emb|alpha=1.0,q=0.1",5,-45.61451088910653,1.9073486328125e-06,-15.307988420685437,0.0001049041748046875,-54.41396551832127,0.19998200360132615,0.4896384967360833,0.4485878167598257,0.26839094731558955,0.9518211770863128,0.4814102617169465,0.23737531899526507,0.2602695056621084,20
synth5,hard,outlier,weakspot_emb,"weakspot_emb|alpha=1.0,q=0.3",5,-6.194922020285447,5.7220458984375e-06,-0.6744668636807134,0.6742229461669922,-7.78950531254872,0.5586658157181785,0.4896384967360833,0.4485878167598257,0.26839094731558955,0.9518211770863128,0.4814102617169465,0.23737531899526507,0.2602695056621084,20
