task,region,noise,arm,whole,p,inside,p_in,outside,gate_pass,detect_dist,uni_mae,init_mae,uni_in,init_in,ess,hp,n,family,p_holm,p_in_holm
california,real,real,weakspot,0.25038827386118734,0.020120643634562896,1.2959954043784507,1.2841054282120012e-06,-0.29080885628471986,0.08,,0.6752733955574551,0.7058525861697116,0.6174634272729737,0.6752995662069755,0.3849710927536431,"weakspot|alpha=0.8,sigma=0.1",50,signal,0.06036193090368869,3.852316284636004e-06
california,real,real,gated,0.002373384679497623,1.0,0.10237111880432534,1.0,-0.056727625554256006,0.08,,0.6752733955574551,0.7058525861697116,0.6174634272729737,0.6752995662069755,0.3849710927536431,"weakspot|alpha=0.8,sigma=0.1",50,signal,1.0,1.0
california,real,real,loss,-2.3028006671758012,1.7763568394002505e-15,-2.3532944611621294,1.7763568394002505e-14,-2.1916972479353056,0.08,,0.6752733955574551,0.7058525861697116,0.6174634272729737,0.6752995662069755,0.970419038825012,loss|alpha=0.2,50,signal,1.0658141036401503e-14,8.881784197001252e-14
california,real,real,jtt,-3.676438572241567,1.7763568394002505e-15,-4.178274208535477,5.329070518200751e-15,-3.526196863015854,0.08,,0.6752733955574551,0.7058525861697116,0.6174634272729737,0.6752995662069755,0.9,"jtt|q=0.2,lam=2",50,signal,1.0658141036401503e-14,3.197442310920451e-14
california,real,real,density,-0.09580873782958042,0.029727315082014982,0.07279640360310297,0.7740531775538848,-0.06947896592732047,0.08,,0.6752733955574551,0.7058525861697116,0.6174634272729737,0.6752995662069755,0.9248399682944972,density|alpha=0.2,50,signal,0.06036193090368869,1.0
california,real,real,smoothed_loss,-0.28815152113950093,2.434094703573919e-08,-0.43280928497351834,5.310079487230723e-09,-0.23126046168447217,0.08,,0.6752733955574551,0.7058525861697116,0.6174634272729737,0.6752995662069755,0.9908774408108009,smoothed_loss|alpha=0.2,50,signal,9.736378814295676e-08,2.1240317948922893e-08
california,real,real,random_centre,-0.15681800708028218,0.05178623002471738,-0.32136852892241896,0.12080975020940343,-0.29760116204704473,0.08,,0.6752733955574551,0.7058525861697116,0.6174634272729737,0.6752995662069755,0.4788618391214639,"random_centre|alpha=0.8,sigma=0.1",50,control,0.05178623002471738,0.12080975020940343
synthetic,hard,gauss,weakspot,-2.027518623823248,0.0001302957841744501,4.332379211717008,5.861977570020827e-14,-6.091519709994208,0.96,0.06883681367700274,0.11268473786875945,0.17467043191045917,0.3502026973158381,0.4211120259513902,0.9333815885556335,"weakspot|alpha=0.2,sigma=0.2",50,signal,0.0006514789208722505,2.9309887850104133e-13
synthetic,hard,gauss,gated,-1.9452293268301801,0.00024492515534291215,4.069507442832882,2.3447910280083306e-13,-5.781786313854485,0.96,0.06883681367700274,0.11268473786875945,0.17467043191045917,0.3502026973158381,0.4211120259513902,0.9333815885556335,"weakspot|alpha=0.2,sigma=0.2",50,signal,0.0009797006213716486,9.379164112033322e-13
synthetic,hard,gauss,loss,-2.3698204960104587,7.946967700789287e-06,3.571091828081626,1.7687185049908294e-11,-6.163141669343219,0.96,0.06883681367700274,0.11268473786875945,0.17467043191045917,0.3502026973158381,0.4211120259513902,0.9429690960307592,loss|alpha=0.2,50,signal,4.768180620473572e-05,3.537437009981659e-11
synthetic,hard,gauss,jtt,-0.5180632789356472,0.6253677971440439,4.843166507607053,5.329070518200751e-15,-3.956800946068409,0.96,0.06883681367700274,0.11268473786875945,0.17467043191045917,0.3502026973158381,0.4211120259513902,0.9,"jtt|q=0.2,lam=2",50,signal,0.6253677971440439,3.197442310920451e-14
synthetic,hard,gauss,density,0.9071054823667413,0.01855822259070905,0.2747559992918608,0.1781010477908609,1.2990029474707814,0.96,0.06883681367700274,0.11268473786875945,0.17467043191045917,0.3502026973158381,0.4211120259513902,0.9619008772586125,density|alpha=0.8,50,signal,0.0371164451814181,0.1781010477908609
synthetic,hard,gauss,smoothed_loss,-1.1861915895525703,0.0037864469724659955,2.8462457445219065,3.6770586575585185e-13,-3.757417986487252,0.96,0.06883681367700274,0.11268473786875945,0.17467043191045917,0.3502026973158381,0.4211120259513902,0.9679365025380843,smoothed_loss|alpha=0.2,50,signal,0.011359340917397986,1.1031175972675555e-12
synthetic,hard,gauss,random_centre,-0.08097989077699118,0.645875956795086,0.15162309103749555,0.4963885938865378,-0.22538113746929747,0.96,0.06883681367700274,0.11268473786875945,0.17467043191045917,0.3502026973158381,0.4211120259513902,0.9109833271910078,"random_centre|alpha=0.2,sigma=0.2",50,control,0.645875956795086,0.4963885938865378
synthetic,hard,gauss,oracle,-2.4979661228852894,1.4422642710343325e-05,4.247960310723363,1.7763568394002505e-15,-6.816317059853808,0.96,0.06883681367700274,0.11268473786875945,0.17467043191045917,0.3502026973158381,0.4211120259513902,0.931328632166763,"oracle|alpha=0.2,sigma=0.2",50,control,2.884528542068665e-05,3.552713678800501e-15
synthetic,hard,hetero,weakspot,-0.7191318789995126,0.1255634661063354,3.2033132206695605,3.623269506647375e-08,-2.791570247334582,0.78,0.19753658715042646,0.13011343120858074,0.19694315724410555,0.35837981440131683,0.43088622575343977,0.9340275750301228,"weakspot|alpha=0.2,sigma=0.2",50,signal,0.140880674989603,1.8116347533236876e-07
synthetic,hard,hetero,gated,-0.7710863490198767,0.0704403374948015,2.6455868956325537,5.047659215051681e-07,-2.5752269578887534,0.78,0.19753658715042646,0.13011343120858074,0.19694315724410555,0.35837981440131683,0.43088622575343977,0.9340275750301228,"weakspot|alpha=0.2,sigma=0.2",50,signal,0.140880674989603,1.9522077110423197e-06
synthetic,hard,hetero,loss,-3.17062463571581,4.268415494834699e-06,1.917432901657439,4.880519277605799e-07,-5.859743173091372,0.78,0.19753658715042646,0.13011343120858074,0.19694315724410555,0.35837981440131683,0.43088622575343977,0.9489724637315523,loss|alpha=0.2,50,signal,2.1342077474173493e-05,1.9522077110423197e-06
synthetic,hard,hetero,jtt,-3.017066905048219,2.8338981969966426e-06,3.369724144135811,2.630606843467831e-11,-6.390940368774783,0.78,0.19753658715042646,0.13011343120858074,0.19694315724410555,0.35837981440131683,0.43088622575343977,0.9,"jtt|q=0.2,lam=2",50,signal,1.7003389181979855e-05,1.5783641060806985e-10
synthetic,hard,hetero,density,0.772070841451449,0.002356807144249018,-0.31868602037803223,0.174987615360088,1.342947826279044,0.78,0.19753658715042646,0.13011343120858074,0.19694315724410555,0.35837981440131683,0.43088622575343977,0.9619008772586125,density|alpha=0.8,50,signal,0.008196378897181944,0.174987615360088
synthetic,hard,hetero,smoothed_loss,-1.371592641387699,0.002049094724295486,1.6137032216642386,5.215646012857178e-07,-2.950170963628019,0.78,0.19753658715042646,0.13011343120858074,0.19694315724410555,0.35837981440131683,0.43088622575343977,0.9750522603653532,smoothed_loss|alpha=0.2,50,signal,0.008196378897181944,1.9522077110423197e-06
synthetic,hard,hetero,random_centre,-0.20932588367150798,0.4723763440876976,-0.11847594470576668,0.7521534307154649,-0.2510940528512678,0.78,0.19753658715042646,0.13011343120858074,0.19694315724410555,0.35837981440131683,0.43088622575343977,0.9109833271910078,"random_centre|alpha=0.2,sigma=0.2",50,control,0.4723763440876976,0.7521534307154649
synthetic,hard,hetero,oracle,-1.2392883680506073,0.01330480151673541,4.14578776873504,1.1368683772161603e-12,-4.09007486413814,0.78,0.19753658715042646,0.13011343120858074,0.19694315724410555,0.35837981440131683,0.43088622575343977,0.931328632166763,"oracle|alpha=0.2,sigma=0.2",50,control,0.02660960303347082,2.2737367544323206e-12
synthetic,hard,outlier,weakspot,0.1257555487287192,0.8858855663449852,1.449226876480017,0.00015581408102782746,-0.3797337135401449,0.06,0.22623422930715353,0.19463186851773123,0.27516506162897764,0.4303826616626616,0.4778453878297739,0.9205071202528546,"weakspot|alpha=0.2,sigma=0.2",50,signal,1.0,0.0007790704051391373
synthetic,hard,outlier,gated,-0.05068328665329607,1.0,0.147356535650251,1.0,-0.12871070443689872,0.06,0.22623422930715353,0.19463186851773123,0.27516506162897764,0.4303826616626616,0.4778453878297739,0.9205071202528546,"weakspot|alpha=0.2,sigma=0.2",50,signal,1.0,1.0
synthetic,hard,outlier,loss,-33.74394924026267,1.7763568394002505e-15,-7.705901660142561,1.7763568394002505e-15,-43.75577458515277,0.06,0.22623422930715353,0.19463186851773123,0.27516506162897764,0.4303826616626616,0.4778453878297739,0.9237499814525433,loss|alpha=0.2,50,signal,1.0658141036401503e-14,1.0658141036401503e-14
synthetic,hard,outlier,jtt,-13.016984249539295,1.7763568394002505e-15,-1.3819349474890306,0.001715436079566146,-17.490105901898684,0.06,0.22623422930715353,0.19463186851773123,0.27516506162897764,0.4303826616626616,0.4778453878297739,0.9,"jtt|q=0.2,lam=2",50,signal,1.0658141036401503e-14,0.006861744318264584
synthetic,hard,outlier,density,0.6352235052787177,0.15714035289247086,0.1969402646772541,0.7160933233749613,0.7998734688820914,0.06,0.22623422930715353,0.19463186851773123,0.27516506162897764,0.4303826616626616,0.4778453878297739,0.9619008772586125,density|alpha=0.8,50,signal,0.4714210586774126,1.0
synthetic,hard,outlier,smoothed_loss,-1.9391159424345248,2.434094703573919e-08,0.15437872041412948,0.6390094850461736,-2.7467554347747125,0.06,0.22623422930715353,0.19463186851773123,0.27516506162897764,0.4303826616626616,0.4778453878297739,0.9804249057605174,smoothed_loss|alpha=0.2,50,signal,9.736378814295676e-08,1.0
synthetic,hard,outlier,random_centre,0.1906683702083905,0.8407540567937097,0.14350499788938914,0.3673427625704484,0.2106023747467195,0.06,0.22623422930715353,0.19463186851773123,0.27516506162897764,0.4303826616626616,0.4778453878297739,0.9109833271910078,"random_centre|alpha=0.2,sigma=0.2",50,control,0.8407540567937097,0.3673427625704484
synthetic,hard,outlier,oracle,-1.2507421624280668,0.0005734773907004609,2.4737952675359396,2.4868995751603507e-14,-2.687491570925043,0.06,0.22623422930715353,0.19463186851773123,0.27516506162897764,0.4303826616626616,0.4778453878297739,0.931328632166763,"oracle|alpha=0.2,sigma=0.2",50,control,0.0011469547814009218,4.973799150320701e-14
synthetic,hole,gauss,weakspot,0.5662852373557359,0.6253677971440439,1.3464229161357537,0.10953049393459402,-0.22371992100860685,0.96,0.6052483754109631,0.10195538826251534,0.15018914142798317,0.4031054223654424,0.38876916931968913,0.9073039715038065,"weakspot|alpha=0.2,sigma=0.2",50,signal,0.9715153504482146,0.3211284025077248
synthetic,hole,gauss,gated,0.6264889057231989,0.4857576752241073,1.4102125617659194,0.0802821006269312,-0.16661425133246174,0.96,0.6052483754109631,0.10195538826251534,0.15018914142798317,0.4031054223654424,0.38876916931968913,0.9073039715038065,"weakspot|alpha=0.2,sigma=0.2",50,signal,0.9715153504482146,0.3211284025077248
synthetic,hole,gauss,loss,1.6696157433398569,0.00043263448054275955,1.486887002102269,0.0932040847757225,1.8559440490370582,0.96,0.6052483754109631,0.10195538826251534,0.15018914142798317,0.4031054223654424,0.38876916931968913,0.9603267757895749,loss|alpha=0.2,50,signal,0.0021631724027137977,0.3211284025077248
synthetic,hole,gauss,jtt,1.9332350652636376,0.0002211422351869885,2.238135102314448,0.01958777690517799,1.6545655136020792,0.96,0.6052483754109631,0.10195538826251534,0.15018914142798317,0.4031054223654424,0.38876916931968913,0.9,"jtt|q=0.2,lam=2",50,signal,0.001326853411121931,0.09793888452588995
synthetic,hole,gauss,density,0.36524937522238876,0.24513084584396871,0.5527497491846183,0.3673427625704484,0.19521015891125437,0.96,0.6052483754109631,0.10195538826251534,0.15018914142798317,0.4031054223654424,0.38876916931968913,0.9585309898205822,density|alpha=0.8,50,signal,0.7353925375319061,0.3673427625704484
synthetic,hole,gauss,smoothed_loss,1.6198933294116968,0.0005294876867694143,1.903182047459426,0.00939211543820484,1.3808415710913091,0.96,0.6052483754109631,0.10195538826251534,0.15018914142798317,0.4031054223654424,0.38876916931968913,0.9796325761795925,smoothed_loss|alpha=0.2,50,signal,0.0021631724027137977,0.05635269262922904
synthetic,hole,gauss,random_centre,0.03495918769452864,0.16001685587048975,0.03126745480029287,0.5024899674262855,0.0369875153755421,0.96,0.6052483754109631,0.10195538826251534,0.15018914142798317,0.4031054223654424,0.38876916931968913,0.9093391281747959,"random_centre|alpha=0.2,sigma=0.2",50,control,0.3200337117409795,0.7977094057060654
synthetic,hole,gauss,oracle,-0.4274215022542162,0.4723763440876976,-0.9501375583194475,0.3988547028530327,0.09433149803273944,0.96,0.6052483754109631,0.10195538826251534,0.15018914142798317,0.4031054223654424,0.38876916931968913,0.9238324015407027,"oracle|alpha=0.2,sigma=0.2",50,control,0.4723763440876976,0.7977094057060654
synthetic,hole,hetero,weakspot,-1.3604110339901117,0.013686934524772099,1.1778508105176269,0.42072286282100535,-3.0405171795768617,0.36,0.6849204666991036,0.12343480492109711,0.18252135919691448,0.39138346237703936,0.40371580756456155,0.9291490864192258,"weakspot|alpha=0.2,sigma=0.2",50,signal,0.06843467262386049,0.42072286282100535
synthetic,hole,hetero,gated,0.891932180102896,0.12973785400390625,2.0483019412275243,0.0047454833984375,0.12051499563300434,0.36,0.6849204666991036,0.12343480492109711,0.18252135919691448,0.39138346237703936,0.40371580756456155,0.9291490864192258,"weakspot|alpha=0.2,sigma=0.2",50,signal,0.38921356201171875,0.0237274169921875
synthetic,hole,hetero,loss,-1.8952683704307038,0.0034275276816781997,3.117272069750696,0.007380741603101981,-5.173958441553289,0.36,0.6849204666991036,0.12343480492109711,0.18252135919691448,0.39138346237703936,0.40371580756456155,0.9442898647654591,loss|alpha=0.2,50,signal,0.020565166090069198,0.029522966412407925
synthetic,hole,hetero,jtt,-0.46460375368114165,0.5335711137818162,4.635189008783241,0.0004153236253312542,-3.7749571563130435,0.36,0.6849204666991036,0.12343480492109711,0.18252135919691448,0.39138346237703936,0.40371580756456155,0.9,"jtt|q=0.2,lam=2",50,signal,0.7244860474946364,0.0024919417519875253
synthetic,hole,hetero,density,0.7894471647907042,0.04610038786489312,0.6031956665421018,0.20447619481721802,0.9202234638977458,0.36,0.6849204666991036,0.12343480492109711,0.18252135919691448,0.39138346237703936,0.40371580756456155,0.9585309898205822,density|alpha=0.8,50,signal,0.1844015514595725,0.40895238963443603
synthetic,hole,hetero,smoothed_loss,0.36102224888335877,0.3622430237473182,1.9513617889329917,0.039015525521861605,-0.6742684686631464,0.36,0.6849204666991036,0.12343480492109711,0.18252135919691448,0.39138346237703936,0.40371580756456155,0.9717786450791458,smoothed_loss|alpha=0.2,50,signal,0.7244860474946364,0.11704657656558481
synthetic,hole,hetero,random_centre,-0.41870194740706523,0.3044806608698192,-0.5663466213247962,0.1255634661063354,-0.3213498927226378,0.36,0.6849204666991036,0.12343480492109711,0.18252135919691448,0.39138346237703936,0.40371580756456155,0.9093391281747959,"random_centre|alpha=0.2,sigma=0.2",50,control,0.6089613217396384,0.1255634661063354
synthetic,hole,hetero,oracle,-0.401289748638826,0.7740531775538848,-1.6431200658683704,0.04944640680060175,0.41891773633533863,0.36,0.6849204666991036,0.12343480492109711,0.18252135919691448,0.39138346237703936,0.40371580756456155,0.9238324015407027,"oracle|alpha=0.2,sigma=0.2",50,control,0.7740531775538848,0.0988928136012035
synthetic,hole,outlier,weakspot,0.7150215434742191,0.09513333936720869,1.6683513055661598,0.013686934524772099,0.29966837333567625,0.0,0.5316664754193341,0.17868600735931703,0.25225800084518646,0.4292018030676483,0.4910208945253004,0.9041635427617477,"weakspot|alpha=0.2,sigma=0.2",50,signal,0.2854000181016261,0.06843467262386049
synthetic,hole,outlier,gated,0.0,1.0,0.0,1.0,0.0,0.0,0.5316664754193341,0.17868600735931703,0.25225800084518646,0.4292018030676483,0.4910208945253004,0.9041635427617477,"weakspot|alpha=0.2,sigma=0.2",50,signal,1.0,1.0
synthetic,hole,outlier,loss,-39.38640319933536,1.7763568394002505e-15,-6.7995104179445995,0.10110987171644048,-53.57259518970736,0.0,0.5316664754193341,0.17868600735931703,0.25225800084518646,0.4292018030676483,0.4910208945253004,0.9015028494436169,loss|alpha=0.2,50,signal,1.0658141036401503e-14,0.4044394868657619
synthetic,hole,outlier,jtt,-12.567422016383327,1.7763568394002505e-15,-0.3542336048809405,0.6806447467771797,-17.891046957440707,0.0,0.5316664754193341,0.17868600735931703,0.25225800084518646,0.4292018030676483,0.4910208945253004,0.9,"jtt|q=0.2,lam=2",50,signal,1.0658141036401503e-14,1.0
synthetic,hole,outlier,density,0.5974380851643493,0.14601836144972324,0.7373887117274548,0.215052456193769,0.5237888556216813,0.0,0.5316664754193341,0.17868600735931703,0.25225800084518646,0.4292018030676483,0.4910208945253004,0.9585309898205822,density|alpha=0.8,50,signal,0.2920367228994465,0.645157368581307
synthetic,hole,outlier,smoothed_loss,-1.2490376446636577,0.0002211422351869885,2.0456262445355713,0.0009149367393188612,-2.6788480850521865,0.0,0.5316664754193341,0.17868600735931703,0.25225800084518646,0.4292018030676483,0.4910208945253004,0.9766506242355397,smoothed_loss|alpha=0.2,50,signal,0.000884568940747954,0.005489620435913167
synthetic,hole,outlier,random_centre,0.17505052978634364,0.30905100446984335,0.5233083607221746,0.21866240175859453,0.02278616285117843,0.0,0.5316664754193341,0.17868600735931703,0.25225800084518646,0.4292018030676483,0.4910208945253004,0.9093391281747959,"random_centre|alpha=0.2,sigma=0.2",50,control,0.30905100446984335,0.21866240175859453
synthetic,hole,outlier,oracle,-1.4585262927071803,5.9166993136017254e-05,-3.031707194582483,0.0004153236253312542,-0.7671157519886497,0.0,0.5316664754193341,0.17868600735931703,0.25225800084518646,0.4292018030676483,0.4910208945253004,0.9238324015407027,"oracle|alpha=0.2,sigma=0.2",50,control,0.00011833398627203451,0.0008306472506625084
synthetic,none,gauss,weakspot,-0.36252985983488994,0.6051405400941228,-5.651899842586381,1.2841054282120012e-06,0.3528894234655253,0.88,0.6293330565015097,0.06019330474742689,0.11070953816778141,0.056864548482862765,0.09490469065802713,0.8958424354645235,"weakspot|alpha=0.2,sigma=0.2",50,signal,0.9248452254503263,7.704632569272007e-06
synthetic,none,gauss,gated,-0.49955209877520945,0.46242261272516316,-5.689299628616906,1.333413479187584e-06,0.19856383521657847,0.88,0.6293330565015097,0.06019330474742689,0.11070953816778141,0.056864548482862765,0.09490469065802713,0.8958424354645235,"weakspot|alpha=0.2,sigma=0.2",50,signal,0.9248452254503263,7.704632569272007e-06
synthetic,none,gauss,loss,1.8091875838523115,1.2288898243895119e-05,0.9744345996366297,0.14874176207376877,1.9279851750062145,0.88,0.6293330565015097,0.06019330474742689,0.11070953816778141,0.056864548482862765,0.09490469065802713,0.963446052380656,loss|alpha=0.2,50,signal,7.373338946337071e-05,0.5949670482950751
synthetic,none,gauss,jtt,1.3412873862194623,0.004043947968749961,1.7124502848615657,0.21148488261323095,1.2968737419538359,0.88,0.6293330565015097,0.06019330474742689,0.11070953816778141,0.056864548482862765,0.09490469065802713,0.9,"jtt|q=0.2,lam=2",50,signal,0.020219739843749807,0.6344546478396929
synthetic,none,gauss,density,1.159155437490978,0.00594215911497642,-0.9804445588378474,0.39349457563481494,1.44935717162209,0.88,0.6293330565015097,0.06019330474742689,0.11070953816778141,0.056864548482862765,0.09490469065802713,0.9619008772586125,density|alpha=0.8,50,signal,0.02376863645990568,0.7869891512696299
synthetic,none,gauss,smoothed_loss,1.1363913034234219,0.011529687649083797,-0.5977516198034938,0.9466061989829431,1.3680935366004172,0.88,0.6293330565015097,0.06019330474742689,0.11070953816778141,0.056864548482862765,0.09490469065802713,0.9837542988477372,smoothed_loss|alpha=0.2,50,signal,0.03458906294725139,0.9466061989829431
synthetic,none,gauss,random_centre,0.017667123750413304,0.8557483168795788,-0.9243244759583396,0.6390094850461736,0.14787122084995805,0.88,0.6293330565015097,0.06019330474742689,0.11070953816778141,0.056864548482862765,0.09490469065802713,0.9109833271910078,"random_centre|alpha=0.2,sigma=0.2",50,control,0.8557483168795788,0.6390094850461736
synthetic,none,gauss,oracle,-0.6331710225239886,0.2954728324166016,9.698920445966356,6.590283874174929e-13,-2.034374516078297,0.88,0.6293330565015097,0.06019330474742689,0.11070953816778141,0.056864548482862765,0.09490469065802713,0.931328632166763,"oracle|alpha=0.2,sigma=0.2",50,control,0.5909456648332032,1.3180567748349858e-12
synthetic,none,hetero,weakspot,-4.2856406583782825,5.802245794939154e-09,-9.36761025248099,4.880519277605799e-07,-3.7366555487089563,0.2,0.7030028844270022,0.07591836083673194,0.12699157256854848,0.06019299021681626,0.10242213167247977,0.9268868075919117,"weakspot|alpha=0.2,sigma=0.2",50,signal,2.901122897469577e-08,2.9283115665634796e-06
synthetic,none,hetero,gated,-0.9149033909700529,0.01953125,-1.4902302769817193,0.064453125,-0.8510458495470499,0.2,0.7030028844270022,0.07591836083673194,0.12699157256854848,0.06019299021681626,0.10242213167247977,0.9268868075919117,"weakspot|alpha=0.2,sigma=0.2",50,signal,0.01953125,0.13475117538236958
synthetic,none,hetero,loss,-5.763111107699472,2.3344064459251967e-09,-5.427707800577282,0.001282241835095732,-5.803443852650377,0.2,0.7030028844270022,0.07591836083673194,0.12699157256854848,0.06019299021681626,0.10242213167247977,0.9416887433568729,loss|alpha=0.2,50,signal,1.400643867555118e-08,0.00641120917547866
synthetic,none,hetero,jtt,-3.4118175993454334,1.1326234101716182e-06,-4.425257584014211,0.033687793845592395,-3.3056956217406226,0.2,0.7030028844270022,0.07591836083673194,0.12699157256854848,0.06019299021681626,0.10242213167247977,0.9,"jtt|q=0.2,lam=2",50,signal,4.530493640686473e-06,0.13475117538236958
synthetic,none,hetero,density,0.758125497345711,0.0036632546526647047,-0.41248150700303315,0.40970358186013023,0.8808682805759801,0.2,0.7030028844270022,0.07591836083673194,0.12699157256854848,0.06019299021681626,0.10242213167247977,0.9619008772586125,density|alpha=0.8,50,signal,0.0073265093053294095,0.40970358186013023
synthetic,none,hetero,smoothed_loss,-1.5342128290024473,0.0010251160635235124,-3.1034647322509956,0.033687793845592395,-1.3659110811917383,0.2,0.7030028844270022,0.07591836083673194,0.12699157256854848,0.06019299021681626,0.10242213167247977,0.9723490329570769,smoothed_loss|alpha=0.2,50,signal,0.003075348190570537,0.13475117538236958
synthetic,none,hetero,random_centre,-0.8195788573229337,0.002614123910062105,-0.739147854290954,0.13549845162767582,-0.8316462133380482,0.2,0.7030028844270022,0.07591836083673194,0.12699157256854848,0.06019299021681626,0.10242213167247977,0.9109833271910078,"random_centre|alpha=0.2,sigma=0.2",50,control,0.00522824782012421,0.13549845162767582
synthetic,none,hetero,oracle,0.17710947293718202,0.559104623193516,10.743527616356559,5.310079487230723e-09,-0.9980135896312605,0.2,0.7030028844270022,0.07591836083673194,0.12699157256854848,0.06019299021681626,0.10242213167247977,0.931328632166763,"oracle|alpha=0.2,sigma=0.2",50,control,0.559104623193516,1.0620158974461447e-08
synthetic,none,outlier,weakspot,0.2133013101395962,0.645875956795086,-2.5320211634412564,0.02898427633581413,0.5607858092127449,0.06,0.6094783954151597,0.1488420918810753,0.23270866859687048,0.13407019843858797,0.1899812177857054,0.8860707761371966,"weakspot|alpha=0.2,sigma=0.2",50,signal,1.0,0.08695282900744239
synthetic,none,outlier,gated,0.04439721226638712,1.0,-0.057488916540013195,1.0,0.05541044132974569,0.06,0.6094783954151597,0.1488420918810753,0.23270866859687048,0.13407019843858797,0.1899812177857054,0.8860707761371966,"weakspot|alpha=0.2,sigma=0.2",50,signal,1.0,1.0
synthetic,none,outlier,loss,-53.663296540369146,1.7763568394002505e-15,-54.55822707440336,1.7763568394002505e-15,-53.53669361903682,0.06,0.6094783954151597,0.1488420918810753,0.23270866859687048,0.13407019843858797,0.1899812177857054,0.910065804578398,loss|alpha=0.2,50,signal,1.0658141036401503e-14,1.0658141036401503e-14
synthetic,none,outlier,jtt,-17.41326751849911,1.7763568394002505e-15,-22.691805401138083,3.552713678800501e-15,-16.733506807404737,0.06,0.6094783954151597,0.1488420918810753,0.23270866859687048,0.13407019843858797,0.1899812177857054,0.9,"jtt|q=0.2,lam=2",50,signal,1.0658141036401503e-14,1.7763568394002505e-14
synthetic,none,outlier,density,1.3203737572483534,0.007609452352863144,0.9212475582520835,0.5148085516941183,1.3611505463335658,0.06,0.6094783954151597,0.1488420918810753,0.23270866859687048,0.13407019843858797,0.1899812177857054,0.9619008772586125,density|alpha=0.8,50,signal,0.022828357058589432,1.0
synthetic,none,outlier,smoothed_loss,-2.726259720194893,3.094002387626915e-08,-4.063732807544994,0.000367116559868208,-2.5559743242081505,0.06,0.6094783954151597,0.1488420918810753,0.23270866859687048,0.13407019843858797,0.1899812177857054,0.9799267576097634,smoothed_loss|alpha=0.2,50,signal,1.237600955050766e-07,0.001468466239472832
synthetic,none,outlier,random_centre,0.07149534935521845,0.5918179227766114,-0.030447589312595637,0.7232586770768918,0.08333174947704454,0.06,0.6094783954151597,0.1488420918810753,0.23270866859687048,0.13407019843858797,0.1899812177857054,0.9109833271910078,"random_centre|alpha=0.2,sigma=0.2",50,control,0.5918179227766114,0.7232586770768918
synthetic,none,outlier,oracle,-0.8896010967105639,0.12316903051698347,7.117181245168997,5.802245794939154e-09,-1.9124962751543269,0.06,0.6094783954151597,0.1488420918810753,0.23270866859687048,0.13407019843858797,0.1899812177857054,0.931328632166763,"oracle|alpha=0.2,sigma=0.2",50,control,0.24633806103396694,1.1604491589878307e-08
