dataset,region,noise,arm,mae,mae_p,err_in,err_in_p,ph
houses,hard,clean,uniform,1.686321838410394,1.7687185049908294e-11,0.8064512383186656,0.10953049393459402,1.4149748039926635e-10
houses,hard,clean,kcenter,1.4401538426803786,1.34718902700115e-11,1.3547603797110794,0.004178445711550793,1.34718902700115e-10
houses,hard,clean,kcenter_a1,1.7746697504500255,1.5448975432263978e-11,0.4118627141049163,0.9389922173111831,1.390407788903758e-10
houses,hard,clean,loss,-2.1439658393911625,4.3148595807451784e-10,-0.8075513110298996,0.09513333936720869,3.020401706521625e-09
houses,hard,clean,jtt,-5.655737993854677,8.881784197001252e-15,-4.146039868266973,1.0633089786438177e-06,9.769962616701378e-14
houses,hard,clean,rho,0.9857356050093689,9.745764195656648e-08,0.4046965409801049,0.23352895058251377,5.847458517393989e-07
houses,hard,clean,rho_a1,0.29164294952847286,0.43191110415215306,-0.24047463342621173,0.24908489906916564,0.9062738199867226
houses,hard,clean,ws_default,0.23935831681656017,0.19095974436218555,1.0051978621175852,0.024847675451864504,0.9062738199867226
houses,hard,clean,ws_tuned,0.22873757353323404,0.18125476399734453,0.8121989293661135,0.06780369678404519,0.9062738199867226
houses,hard,clean,rho_landscape_a1,0.3282945088733609,0.2653376709882824,-0.11399894164390997,0.31832456588976044,0.9062738199867226
houses,hard,clean,rho_filter_a1,0.19664737402870874,0.3776732059941086,1.0711517771165875,0.056738698656332076,0.9062738199867226
houses,hard,clean,all_data,7.926377563425483,1.7763568394002505e-15,6.567920967592057,1.7763568394002505e-14,2.1316282072803006e-14
houses,hard,outlier,uniform,2.484698974649213,4.9604764740251994e-11,1.405834765172883,0.012213348101271393,3.9683811792201595e-10
houses,hard,outlier,kcenter,2.3875249445718927,8.060396794462577e-11,0.9968007086883129,0.056738698656332076,5.642277756123804e-10
houses,hard,outlier,kcenter_a1,2.956634738894556,7.94031507211912e-13,1.455797901812228,0.01958777690517799,7.146283564907208e-12
houses,hard,outlier,loss,-9.900869261750538,1.7763568394002505e-15,-7.863981827781645,1.0192735544478637e-11,2.1316282072803006e-14
houses,hard,outlier,jtt,-21.203224803859683,1.7763568394002505e-15,-18.479550544792794,1.7763568394002505e-15,2.1316282072803006e-14
houses,hard,outlier,rho,0.9567419153582831,0.0010644297047850415,-0.16009497313091173,0.8707939059443142,0.006386578228710249
houses,hard,outlier,rho_a1,0.42379031757095526,0.7448958960780061,-1.2199312752405496,0.3044806608698192,1.0
houses,hard,outlier,ws_default,-0.47756536050568643,0.5024899674262855,-1.146474385159877,0.1515030570827971,1.0
houses,hard,outlier,ws_tuned,0.6381445930496863,0.08054833435456032,1.1807130975548001,0.05803543429142444,0.24164500306368097
houses,hard,outlier,rho_landscape_a1,0.7596703840148676,0.031261656763490464,-0.8586707286516664,0.18768390417341507,0.15630828381745232
houses,hard,outlier,rho_filter_a1,0.5606553264078025,0.04719429796794117,-0.1999693798959053,0.8858855663449852,0.18877719187176467
houses,hard,outlier,all_data,9.180751768771305,1.7763568394002505e-15,7.293190594858827,2.4868995751603507e-14,2.1316282072803006e-14
houses,hard_sparse,clean,uniform,1.4152836642677569,8.855280952957401e-10,0.8599391977111778,0.1515030570827971,7.0842247623659205e-09
houses,hard_sparse,clean,kcenter,1.4118893043739316,7.237197507947712e-10,0.9856566264832562,0.49032624846387485,6.513477757152941e-09
houses,hard_sparse,clean,kcenter_a1,1.7556615355356646,1.34718902700115e-11,2.194573143015219,0.002614123910062105,1.34718902700115e-10
houses,hard_sparse,clean,loss,-1.711760529189305,3.918623114884667e-08,-0.3074357254657688,0.6253677971440439,2.743036180419267e-07
houses,hard_sparse,clean,jtt,-5.345642718678492,1.7763568394002505e-15,-3.3739123150511703,0.0009871220775430345,2.1316282072803006e-14
houses,hard_sparse,clean,rho,0.3818665964898501,0.052989788310034314,0.05832591150201418,0.9923668279164506,0.3179387298602059
houses,hard_sparse,clean,rho_a1,-0.1034452115670427,0.6947463342363385,-0.5420086120136314,0.3673427625704484,1.0
houses,hard_sparse,clean,ws_default,0.24847835569021148,0.12316903051698347,0.3878442867195502,0.49032624846387485,0.4926761220679339
houses,hard_sparse,clean,ws_tuned,0.2966173883104453,0.07719592312590784,1.9160729664665495,0.00032407658280853013,0.3859796156295392
houses,hard_sparse,clean,rho_landscape_a1,-0.17519285303817758,0.559104623193516,0.04134964245163407,0.9771032283055696,1.0
houses,hard_sparse,clean,rho_filter_a1,0.285741892633743,0.5210251168620434,1.715360102219279,0.01407853473248366,1.0
houses,hard_sparse,clean,all_data,8.063959262144452,1.7763568394002505e-15,7.07470626017111,3.6770586575585185e-13,2.1316282072803006e-14
houses,hard_sparse,outlier,uniform,2.2574119030865143,4.3148595807451784e-10,1.0704800590222057,0.06633200503891068,3.4518876645961427e-09
houses,hard_sparse,outlier,kcenter,2.3083252589447403,7.546860913976161e-09,1.7394126299183112,0.039015525521861605,5.282802639783313e-08
houses,hard_sparse,outlier,kcenter_a1,2.884883592926205,1.2871659293978155e-10,2.311096075792721,0.012213348101271393,1.158449336458034e-09
houses,hard_sparse,outlier,loss,-9.361905521916462,1.7763568394002505e-15,-9.141274992812598,1.192391962945294e-09,2.1316282072803006e-14
houses,hard_sparse,outlier,jtt,-20.57771784959087,1.7763568394002505e-15,-18.511109113302187,3.375077994860476e-14,2.1316282072803006e-14
houses,hard_sparse,outlier,rho,1.3692061030100986,0.0009149367393188612,2.038721231085343,0.01806109651468013,0.004574683696594306
houses,hard_sparse,outlier,rho_a1,1.0764141702545513,0.01855822259070905,-0.31994103852958167,0.6253677971440439,0.0371164451814181
houses,hard_sparse,outlier,ws_default,-0.0021258246029291277,0.8858855663449852,0.004454392691509083,0.31832456588976044,0.8858855663449852
houses,hard_sparse,outlier,ws_tuned,0.8614997584583948,0.008085622213709343,-0.005437164259770259,0.5462652589115535,0.024256866641128028
houses,hard_sparse,outlier,rho_landscape_a1,1.2409781576730334,0.0037864469724659955,0.0678530428649669,0.6185935400423848,0.015145787889863982
houses,hard_sparse,outlier,rho_filter_a1,1.3040021251354679,9.898605478397826e-06,1.7049115752038748,0.014890897756602683,5.939163287038696e-05
houses,hard_sparse,outlier,all_data,9.250031035466158,1.7763568394002505e-15,6.856613539164352,6.535714192068554e-10,2.1316282072803006e-14
houses,sparse_all,clean,uniform,1.3152790771106042,1.0633089786438177e-06,1.477124422326475,0.1515030570827971,7.443162850506724e-06
houses,sparse_all,clean,kcenter,1.4993714060436085,8.22989321136447e-09,1.9471221818297453,0.00784436585604098,6.583914569091576e-08
houses,sparse_all,clean,kcenter_a1,1.8757196168594843,2.5226754019058717e-10,2.94457090851334,0.0009149367393188612,2.5226754019058717e-09
houses,sparse_all,clean,loss,-2.1844859330888045,7.237197507947712e-10,-0.8222690215865153,0.5024899674262855,6.513477757152941e-09
houses,sparse_all,clean,jtt,-5.463321282451258,1.7763568394002505e-15,-3.679489412334756,0.0005510827602233093,2.1316282072803006e-14
houses,sparse_all,clean,rho,0.8149951998022289,0.0003107899432901462,0.7017877332023147,0.25308251223662737,0.0018647396597408772
houses,sparse_all,clean,rho_a1,0.08047192380010101,0.6947463342363385,0.2668156035603685,0.5852066143769612,1.0
houses,sparse_all,clean,ws_default,0.29153096187361416,0.10525460779046192,0.0765270387970758,0.7813934753886187,0.5262730389523096
houses,sparse_all,clean,ws_tuned,0.027620914549600355,0.47831983611594175,-1.139040446883491,0.16588679879439283,1.0
houses,sparse_all,clean,rho_landscape_a1,0.05609172246890154,0.9389922173111831,-0.07458190107847404,0.8557483168795788,1.0
houses,sparse_all,clean,rho_filter_a1,0.005328562701932316,1.0,0.04318665497105328,0.6666519727454681,1.0
houses,sparse_all,clean,all_data,8.185476203013879,1.7763568394002505e-15,8.638127772455126,5.861977570020827e-14,2.1316282072803006e-14
houses,sparse_all,outlier,uniform,2.6326595816418616,5.897913268881894e-10,3.127393339301041,0.0008156048825487261,5.308121941993704e-09
houses,sparse_all,outlier,kcenter,1.80599419177826,1.3054913772236887e-07,2.7026650181973197,0.002525686043762576,9.138439640565821e-07
houses,sparse_all,outlier,kcenter_a1,2.9917324408649115,1.7568968502246207e-09,3.7527320087062574,0.004043947968749961,1.4055174801796966e-08
houses,sparse_all,outlier,loss,-9.87906205314495,1.7763568394002505e-15,-10.607292482715918,4.8571529021046445e-09,2.1316282072803006e-14
houses,sparse_all,outlier,jtt,-21.858041041951292,1.7763568394002505e-15,-20.59024487669248,5.707434524993005e-12,2.1316282072803006e-14
houses,sparse_all,outlier,rho,1.499165826738019,1.6896629077223224e-05,1.479722659929115,0.08226751834101265,0.00010137977446333934
houses,sparse_all,outlier,rho_a1,1.0916371908508173,0.02122367163684835,-0.46429774857919165,0.7089524432753507,0.0424473432736967
houses,sparse_all,outlier,ws_default,0.1747432938994371,0.2260100302518655,0.23633272860373802,0.2954728324166016,0.2260100302518655
houses,sparse_all,outlier,ws_tuned,0.9247457052634307,0.008333363871146915,1.914194430481275,0.038081706053025854,0.025000091613440745
houses,sparse_all,outlier,rho_landscape_a1,1.4489420412717842,0.00039864755038721,1.4071209702516054,0.16888071753563239,0.00199323775193605
houses,sparse_all,outlier,rho_filter_a1,1.3418578828234708,0.001282241835095732,1.6864359092124621,0.06207125225267518,0.005128967340382928
houses,sparse_all,outlier,all_data,9.641903349980232,1.7763568394002505e-15,9.300652341703952,1.9077969426462005e-08,2.1316282072803006e-14
houses,sparse_init,clean,uniform,1.3605722564807228,6.535714192068554e-10,1.1458300320134713,0.04944640680060175,4.5749999344479875e-09
houses,sparse_init,clean,kcenter,1.4639249779458465,4.9116266609416925e-12,0.9685141673268948,0.014890897756602683,4.420463994847523e-11
houses,sparse_init,clean,kcenter_a1,2.1275925521533927,3.0020430585864233e-13,2.3862724839382845,0.00594215911497642,3.0020430585864233e-12
houses,sparse_init,clean,loss,-2.292881154044494,5.610267805877811e-11,-3.754744626446702,0.0002409992117797799,4.488214244702249e-10
houses,sparse_init,clean,jtt,-5.894281298358749,3.552713678800501e-15,-7.360448794953366,2.8132163265581767e-10,3.907985046680551e-14
houses,sparse_init,clean,rho,0.7442015066427489,0.0021981232450851707,0.7986371015059929,0.2571237847552261,0.013188739470511024
houses,sparse_init,clean,rho_a1,-0.3426185107576662,0.1515030570827971,-2.0663115643500958,0.0362699414949752,0.7575152854139855
houses,sparse_init,clean,ws_default,0.15600856034769578,0.34720687274462314,0.30511184364899296,0.24513084584396871,1.0
houses,sparse_init,clean,ws_tuned,0.131889598404756,0.5148085516941183,0.1567175909871797,0.8707939059443142,1.0
houses,sparse_init,clean,rho_landscape_a1,-0.2582521619276789,0.21148488261323095,-2.2613854651280185,0.008848884696840642,0.8459395304529238
houses,sparse_init,clean,rho_filter_a1,-0.18072386355507594,0.5210251168620434,-1.2399639395056705,0.15430250303892734,1.0
houses,sparse_init,clean,all_data,7.790173392679478,1.7763568394002505e-15,9.118519545908745,1.7763568394002505e-15,2.1316282072803006e-14
houses,sparse_init,outlier,uniform,2.315929124274581,4.8571529021046445e-09,2.5456846405407485,0.0004885945525092694,3.996478348256005e-08
houses,sparse_init,outlier,kcenter,2.075326578723831,1.7394549622906652e-07,2.6691173075226864,0.0021981232450851707,1.2176184736034656e-06
houses,sparse_init,outlier,kcenter_a1,2.5874020873222974,4.440531498062228e-09,3.433802875200559,0.012931948668784443,3.996478348256005e-08
houses,sparse_init,outlier,loss,-9.444293694516743,5.329070518200751e-15,-15.555270529171931,5.861977570020827e-14,5.3290705182007514e-14
houses,sparse_init,outlier,jtt,-21.296089702252388,1.7763568394002505e-15,-34.40675702227158,1.7763568394002505e-15,2.1316282072803006e-14
houses,sparse_init,outlier,rho,1.1195556301386922,0.0015962870115284744,0.5003790979461324,0.2999546071877397,0.009577722069170846
houses,sparse_init,outlier,rho_a1,0.37472663609382856,0.28229295463063053,-1.6741745899535223,0.10525460779046192,1.0
houses,sparse_init,outlier,ws_default,0.30471818013951174,0.35718707191412413,0.8241848528728117,0.3829036913273498,1.0
houses,sparse_init,outlier,ws_tuned,0.17303674286109372,0.7376605378038441,1.9203272787325942,0.020665866669398625,1.0
houses,sparse_init,outlier,rho_landscape_a1,0.8156482028885641,0.064886242135481,-0.7844995396252955,0.44326672141018975,0.324431210677405
houses,sparse_init,outlier,rho_filter_a1,0.010106779016342627,0.7376605378038441,0.19178893800326735,0.8482444441392172,1.0
houses,sparse_init,outlier,all_data,9.163891719053739,1.7763568394002505e-15,11.10789443195389,3.552713678800501e-15,2.1316282072803006e-14
medical_charges,hard,clean,uniform,2.387222631081342,4.440892098500626e-14,0.888322147119165,0.025500083179634814,4.440892098500626e-13
medical_charges,hard,clean,kcenter,2.312805896021963,1.4895306321704993e-08,0.8147724944309395,0.0022762251098509267,1.1916245057363994e-07
medical_charges,hard,clean,kcenter_a1,2.3059248836072066,1.080529443697742e-09,0.6082512015785869,0.15714035289247086,9.724764993279678e-09
medical_charges,hard,clean,loss,-4.520166099710622,3.552713678800501e-15,-1.106758759599366,0.16001685587048975,3.907985046680551e-14
medical_charges,hard,clean,jtt,-11.219427043332884,1.7763568394002505e-15,-3.6193762744344466,7.518488965629899e-06,2.1316282072803006e-14
medical_charges,hard,clean,rho,0.8810916994534533,0.004757046552823496,0.24768880266463647,0.18444897927691706,0.02378523276411748
medical_charges,hard,clean,rho_a1,-0.5768924360599014,0.35217499509373695,-1.9776966680779955,0.011200519477185367,0.4976603963831785
medical_charges,hard,clean,ws_default,0.3260550750001757,0.19095974436218555,0.23684331767284003,0.5210251168620434,0.4976603963831785
medical_charges,hard,clean,ws_tuned,0.7142724459056927,0.002356807144249018,1.170875235260849,0.0005294876867694143,0.014140842865494108
medical_charges,hard,clean,rho_landscape_a1,-0.8880081083822613,0.08401577354329604,-3.221229627685356,1.8759072675678112e-05,0.33606309417318414
medical_charges,hard,clean,rho_filter_a1,0.6290940080338351,0.16588679879439283,-0.03142032763859164,0.8707939059443142,0.4976603963831785
medical_charges,hard,clean,all_data,3.711006139254486,2.1499046276574063e-07,2.6765750662374312,1.1326234101716182e-06,1.5049332393601844e-06
medical_charges,hard,outlier,uniform,5.639679020785038,2.5226754019058717e-10,1.6880207490362935,0.001190697289374043,2.0181403215246974e-09
medical_charges,hard,outlier,kcenter,4.217770084694639,2.305757291765076e-07,1.2992841195893192,0.01806109651468013,1.6140301042355532e-06
medical_charges,hard,outlier,kcenter_a1,6.012614806218344,2.239985974483716e-12,2.1974753512312035,0.0004153236253312542,2.2399859744837158e-11
medical_charges,hard,outlier,loss,-20.085740179320577,1.7763568394002505e-15,-3.3352909042354435,9.468707561843814e-05,2.1316282072803006e-14
medical_charges,hard,outlier,jtt,-51.663204473233975,1.7763568394002505e-15,-9.890686028965158,4.9604764740251994e-11,2.1316282072803006e-14
medical_charges,hard,outlier,rho,2.325996602044489,0.004912360514200742,1.0458665529777977,0.0069413795797625966,0.019649442056802968
medical_charges,hard,outlier,rho_a1,1.6365548697595953,0.016637745581261854,-0.07441353736374633,0.3829036913273498,0.04991323674378556
medical_charges,hard,outlier,ws_default,0.2762963357344021,0.5086300594933544,0.3707265654259162,0.5720861414815896,0.5086300594933544
medical_charges,hard,outlier,ws_tuned,2.1549147635190433,0.0014846473444478647,1.430088153190941,0.0017779629774352657,0.007423236722239324
medical_charges,hard,outlier,rho_landscape_a1,1.361860410611148,0.07885790741956278,-1.2765146662126674,0.30905100446984335,0.15771581483912556
medical_charges,hard,outlier,rho_filter_a1,3.1872688259136885,5.6804637029728156e-06,1.6490544002756597,0.005579489549422334,3.408278221783689e-05
medical_charges,hard,outlier,all_data,9.165258363610603,3.0890845437170356e-12,4.4655263345494705,3.0890845437170356e-12,2.780176089345332e-11
medical_charges,hard_sparse,clean,uniform,2.482795701513137,1.5961560961841315e-09,1.5764159656464902,0.0003378810943459598,1.2769248769473052e-08
medical_charges,hard_sparse,clean,kcenter,2.3699980726777476,2.0232171493717033e-10,1.8446007045311061,1.7805245978053108e-05,2.0232171493717033e-09
medical_charges,hard_sparse,clean,kcenter_a1,2.633850365980935,3.489741828843762e-10,1.5268417984846216,0.013686934524772099,3.140767645959386e-09
medical_charges,hard_sparse,clean,loss,-5.762462490044983,1.2434497875801753e-13,-0.514448210132454,0.10953049393459402,1.3677947663381929e-12
medical_charges,hard_sparse,clean,jtt,-16.021099047907057,1.7763568394002505e-15,-4.288125172716655,2.0039570713947796e-07,2.1316282072803006e-14
medical_charges,hard_sparse,clean,rho,0.8249668948337087,0.008848884696840642,0.5053875234243232,0.4843032319103049,0.026546654090521926
medical_charges,hard_sparse,clean,rho_a1,-0.7057497314667937,0.35718707191412413,-0.5739705021348176,0.21866240175859453,0.5306753419765649
medical_charges,hard_sparse,clean,ws_default,0.9107082369377265,0.002896310240339872,0.46672135841309836,0.5086300594933544,0.01448155120169936
medical_charges,hard_sparse,clean,ws_tuned,1.2783831820848384,0.0009149367393188612,1.2221230598482178,0.21148488261323095,0.005489620435913167
medical_charges,hard_sparse,clean,rho_landscape_a1,-0.7032229724233059,0.2653376709882824,-1.1394563734245466,0.00939211543820484,0.5306753419765649
medical_charges,hard_sparse,clean,rho_filter_a1,1.1288107189751848,0.002896310240339872,-0.6397129326821449,0.10110987171644048,0.01448155120169936
medical_charges,hard_sparse,clean,all_data,2.5809464803820323,1.0451820186219152e-05,2.0613651133471342,2.0810681753857807e-05,7.316274130353406e-05
medical_charges,hard_sparse,outlier,uniform,6.569019666438524,9.769962616701378e-14,2.0019011900635832,4.878706765687468e-05,8.79296635503124e-13
medical_charges,hard_sparse,outlier,kcenter,6.692801468614818,1.34718902700115e-11,2.788280907763492,4.521505763577238e-06,9.43032318900805e-11
medical_charges,hard_sparse,outlier,kcenter_a1,7.157038343112251,4.440892098500626e-14,3.4370892187258955,0.0004153236253312542,4.440892098500626e-13
medical_charges,hard_sparse,outlier,loss,-18.116844482690283,2.4868995751603507e-14,-6.269730293017673,0.00039864755038721,2.7355895326763857e-13
medical_charges,hard_sparse,outlier,jtt,-48.17564919559631,1.7763568394002505e-15,-15.919847766670681,3.623269506647375e-08,2.1316282072803006e-14
medical_charges,hard_sparse,outlier,rho,4.696295126158531,2.670359481982132e-06,2.251190699258237,2.0810681753857807e-05,1.335179740991066e-05
medical_charges,hard_sparse,outlier,rho_a1,2.371019356389072,0.052989788310034314,0.7389661129269557,0.20103473802823935,0.052989788310034314
medical_charges,hard_sparse,outlier,ws_default,1.7528408897148302,0.02420949942225903,1.2021123032783851,0.011200519477185367,0.04841899884451806
medical_charges,hard_sparse,outlier,ws_tuned,4.599733133795627,1.757493883758343e-08,2.4243746389614933,0.002356807144249018,1.0544963302550059e-07
medical_charges,hard_sparse,outlier,rho_landscape_a1,3.551161598959669,0.002614123910062105,-0.4594653447634295,0.5786292137562761,0.007842371730186315
medical_charges,hard_sparse,outlier,rho_filter_a1,4.017927010960037,1.4422642710343325e-05,1.2598808848089735,0.215052456193769,5.76905708413733e-05
medical_charges,hard_sparse,outlier,all_data,9.275987743288514,1.9539925233402755e-13,3.7297893801952093,1.6183291151605772e-08,1.5631940186722204e-12
medical_charges,sparse_all,clean,uniform,2.7407818066288656,5.897913268881894e-10,3.02570691798409,0.020120643634562896,5.897913268881894e-09
medical_charges,sparse_all,clean,kcenter,2.60026700364953,1.4895306321704993e-08,4.602956262088066,0.04830953815983641,1.3405775689534494e-07
medical_charges,sparse_all,clean,kcenter_a1,2.733507583158999,3.486415511844143e-07,4.601350893761579,0.024847675451864504,2.4404908582909e-06
medical_charges,sparse_all,clean,loss,-9.26662187447901,3.552713678800501e-15,-8.41671629039802,8.87296791773906e-06,3.907985046680551e-14
medical_charges,sparse_all,clean,jtt,-22.800208434725615,1.7763568394002505e-15,-21.38159772389502,4.057499225496031e-09,2.1316282072803006e-14
medical_charges,sparse_all,clean,rho,1.8749890047575566,7.500770700019643e-05,3.597843596595562,0.045027510990479414,0.00037503853500098217
medical_charges,sparse_all,clean,rho_a1,0.4718048489595355,0.43191110415215306,1.5478112557905763,0.34720687274462314,0.43191110415215306
medical_charges,sparse_all,clean,ws_default,1.2687398029174983,0.002614123910062105,2.3177189061240595,0.25308251223662737,0.007842371730186315
medical_charges,sparse_all,clean,ws_tuned,2.0726550943618047,1.9760169596594324e-05,2.5316640782755915,0.27798803015155293,0.00011856101757956594
medical_charges,sparse_all,clean,rho_landscape_a1,0.9826018819929142,0.09709384967839618,2.7351522877500285,0.1329605561585705,0.19418769935679236
medical_charges,sparse_all,clean,rho_filter_a1,2.459524759622747,6.710043898294771e-08,3.0404080543894505,0.16888071753563239,5.368035118635817e-07
medical_charges,sparse_all,clean,all_data,2.479981674376998,0.0011471783973160399,4.555231740840407,0.0857934137886982,0.0045887135892641595
medical_charges,sparse_all,outlier,uniform,8.760427651170831,7.65609797781508e-12,10.900480801379715,0.004043947968749961,6.124878382252064e-11
medical_charges,sparse_all,outlier,kcenter,5.976270001289314,2.6378053519238165e-08,7.0399786313172745,0.017101069545240932,1.2170473517869596e-07
medical_charges,sparse_all,outlier,kcenter_a1,10.16467116170396,2.6343371928305714e-12,13.662648835342193,2.0810681753857807e-05,2.3709034735475143e-11
medical_charges,sparse_all,outlier,loss,-21.516857412930772,8.881784197001252e-15,-22.323876248430047,6.010637926934237e-06,9.769962616701378e-14
medical_charges,sparse_all,outlier,jtt,-58.77960276996541,1.7763568394002505e-15,-60.32173920047128,4.218847493575595e-12,2.1316282072803006e-14
medical_charges,sparse_all,outlier,rho,5.712255657297383,2.434094703573919e-08,7.4050432648093425,0.0013800985654270903,1.2170473517869596e-07
medical_charges,sparse_all,outlier,rho_a1,3.6645843130349736,0.009964281765361349,6.023368139407844,0.04294367729928261,0.011516604332541647
medical_charges,sparse_all,outlier,ws_default,2.349850025216069,0.005758302166270823,8.805842849467682,0.0010644297047850415,0.011516604332541647
medical_charges,sparse_all,outlier,ws_tuned,6.6292077327647325,7.94031507211912e-13,10.411296117875851,0.0002738644978439453,7.94031507211912e-12
medical_charges,sparse_all,outlier,rho_landscape_a1,6.013787790578544,3.38235121510877e-06,7.6935644405221115,0.003913313547160513,1.014705364532631e-05
medical_charges,sparse_all,outlier,rho_filter_a1,6.063624464677977,3.3822118439275073e-09,10.431460180572268,0.0001302957841744501,2.0293271063565044e-08
medical_charges,sparse_all,outlier,all_data,11.966262802713825,7.151434999741468e-11,15.657888304897394,1.603124333549033e-05,5.006004499819028e-10
medical_charges,sparse_init,clean,uniform,3.3709629469165536,3.863753761379485e-11,2.7565098977188436,0.028256978552906986,3.863753761379485e-10
medical_charges,sparse_init,clean,kcenter,2.1909894184555325,7.518488965629899e-06,1.985195538671718,0.040940454006349825,4.5110933793779395e-05
medical_charges,sparse_init,clean,kcenter_a1,3.553206776855351,4.9604764740251994e-11,2.0238347054667587,0.04830953815983641,4.4644288266226795e-10
medical_charges,sparse_init,clean,loss,-8.936587980436988,5.329070518200751e-15,-17.607466279285102,1.0192735544478637e-11,5.861977570020827e-14
medical_charges,sparse_init,clean,jtt,-21.957545833586003,1.7763568394002505e-15,-39.19931028146233,1.5631940186722204e-13,2.1316282072803006e-14
medical_charges,sparse_init,clean,rho,1.3619664453021334,0.0002308749851795966,0.8314417981584729,0.652772195247282,0.001013983664810425
medical_charges,sparse_init,clean,rho_a1,-0.516016650754646,0.6876822045635382,-6.1653468211499325,0.004912360514200742,0.6876822045635382
medical_charges,sparse_init,clean,ws_default,1.0171983048529163,0.0021981232450851707,-0.15622677760183687,0.5086300594933544,0.006594369735255512
medical_charges,sparse_init,clean,ws_tuned,1.3159963484742503,0.000202796732962085,1.6451577807841447,0.3724861917482851,0.001013983664810425
medical_charges,sparse_init,clean,rho_landscape_a1,0.6251575966187504,0.20447619481721802,-2.4741375733539104,0.16293225736063377,0.40895238963443603
medical_charges,sparse_init,clean,rho_filter_a1,2.6857262237611557,1.080529443697742e-09,2.5407058877282838,0.12799334338745183,8.644235549581936e-09
medical_charges,sparse_init,clean,all_data,3.8552611240446386,4.028586058524297e-06,4.218131709584192,0.004043947968749961,2.820010240967008e-05
medical_charges,sparse_init,outlier,uniform,6.782011774901147,8.008242957657785e-10,5.068380377323696,0.029727315082014982,5.60577007036045e-09
medical_charges,sparse_init,outlier,kcenter,5.319596553054485,5.6804637029728156e-06,4.007937051246792,0.04610038786489312,2.8402318514864078e-05
medical_charges,sparse_init,outlier,kcenter_a1,8.324466415969722,3.6148861681795097e-12,8.053523398381103,0.004912360514200742,3.253397551361559e-11
medical_charges,sparse_init,outlier,loss,-23.034032321150605,1.7763568394002505e-14,-36.690407990578855,8.237842195057965e-07,1.9539925233402755e-13
medical_charges,sparse_init,outlier,jtt,-60.15635142168628,1.7763568394002505e-15,-80.96527578627278,2.433608869978343e-13,2.1316282072803006e-14
medical_charges,sparse_init,outlier,rho,4.32774649367147,7.500770700019643e-05,3.8325925750204335,0.10110987171644048,0.00022558468796773923
medical_charges,sparse_init,outlier,rho_a1,1.892790916625188,0.13549845162767582,-5.9143832646926535,0.18444897927691706,0.13549845162767582
medical_charges,sparse_init,outlier,ws_default,1.9763047342598394,0.04193213473556767,1.064559385177689,0.40970358186013023,0.08386426947113534
medical_charges,sparse_init,outlier,ws_tuned,4.439861181682694,1.0642100534141719e-08,2.9502614952930513,0.15714035289247086,6.385260320485031e-08
medical_charges,sparse_init,outlier,rho_landscape_a1,5.160709573415933,5.639617199193481e-05,1.37624026221681,0.30905100446984335,0.00022558468796773923
medical_charges,sparse_init,outlier,rho_filter_a1,6.296765452844065,5.610267805877811e-11,4.615927939254966,0.005758302166270823,4.488214244702249e-10
medical_charges,sparse_init,outlier,all_data,11.525039794542831,5.861977570020827e-14,14.466359573507551,1.3054913772236887e-07,5.861977570020827e-13
synth2d,hard,clean,uniform,0.7406564699663807,0.11171837302823029,0.18722450285780992,0.4490067617286915,0.22343674605646058
synth2d,hard,clean,kcenter,2.0808446032512986,0.0009504084140701252,1.2445004284388226,0.017575449774248852,0.0028512252422103757
synth2d,hard,clean,kcenter_a1,5.397169496421054,4.440892098500626e-14,2.589083097488979,2.3344064459251967e-09,4.884981308350689e-13
synth2d,hard,clean,loss,4.461683174762894,3.586156610779767e-06,1.739210493557601,0.1406841997467243,1.804047926512453e-05
synth2d,hard,clean,jtt,0.3337720065802964,0.9771032283055696,-0.9594739576515624,0.040940454006349825,0.9771032283055696
synth2d,hard,clean,rho,6.775901182845255,6.616929226765933e-12,1.1750973154647673,0.4375680954084249,5.95523630408934e-11
synth2d,hard,clean,rho_a1,8.723051016735656,3.489741828843762e-10,0.7724653044896533,0.7448958960780061,2.7917934630750096e-09
synth2d,hard,clean,ws_default,2.7962901412272316,2.191284211150446e-05,1.0817537125887584,0.0008806696990912855,8.765136844601784e-05
synth2d,hard,clean,ws_tuned,6.535403778284006,2.239985974483716e-12,2.194273072356132,0.00010381446904439429,2.2399859744837158e-11
synth2d,hard,clean,rho_landscape_a1,7.814077806700875,6.710043898294771e-08,0.09763471807648706,0.49032624846387485,4.6970307288063395e-07
synth2d,hard,clean,rho_filter_a1,6.580443394074723,3.006746544187422e-06,-0.06547048953703688,0.46061015880625966,1.804047926512453e-05
synth2d,hard,clean,all_data,31.30696110422402,1.7763568394002505e-15,7.924905810410834,3.552713678800501e-15,2.1316282072803006e-14
synth2d,hard,outlier,uniform,1.4563796067540358,0.05178623002471738,1.0369298624526135,0.07885790741956278,0.05178623002471738
synth2d,hard,outlier,kcenter,1.988891336856711,0.002896310240339872,0.9891263039468807,0.06780369678404519,0.005792620480679744
synth2d,hard,outlier,kcenter_a1,4.809771459876045,4.792291008470784e-10,1.8421027807889885,0.004459422606641894,2.8753746050824702e-09
synth2d,hard,outlier,loss,-17.248600090694822,3.552713678800501e-15,-1.7265622549380508,0.01806109651468013,3.552713678800501e-14
synth2d,hard,outlier,jtt,-42.678435948349076,1.7763568394002505e-15,-8.715960892541782,1.192391962945294e-09,2.1316282072803006e-14
synth2d,hard,outlier,rho,6.134482213670396,7.237197507947712e-10,0.14465110129997302,0.9618478594751583,3.6185987539738562e-09
synth2d,hard,outlier,rho_a1,7.551677947920774,1.4492140820721033e-09,0.12415037402426786,0.5918179227766114,5.796856328288413e-09
synth2d,hard,outlier,ws_default,4.0020527297884545,3.9920236538648624e-07,2.3782021235373887,3.288899332076767e-05,1.1976070961594587e-06
synth2d,hard,outlier,ws_tuned,9.281553314524727,2.4868995751603507e-14,3.7270362766246596,6.358623311442102e-06,1.9895196601282805e-13
synth2d,hard,outlier,rho_landscape_a1,9.863295256051517,3.0020430585864233e-13,0.2150572727239766,0.7740531775538848,2.1014301410104963e-12
synth2d,hard,outlier,rho_filter_a1,11.037224778964452,8.881784197001252e-15,2.616355806454205,0.054216182330456775,7.993605777301127e-14
synth2d,hard,outlier,all_data,30.354567330460927,1.7763568394002505e-15,10.791183935269869,7.638334409421077e-14,2.1316282072803006e-14
synth2d,hard_sparse,clean,uniform,1.4069603810496283,0.002614123910062105,3.1539035474065904,4.4254613142058474e-05,0.00522824782012421
synth2d,hard_sparse,clean,kcenter,2.8927431220412996,3.128163219123792e-05,6.049512501006511,4.9604764740251994e-11,9.384489657371375e-05
synth2d,hard_sparse,clean,kcenter_a1,5.765621658805038,3.489741828843762e-10,8.127094391974168,3.0020430585864233e-13,3.489741828843762e-09
synth2d,hard_sparse,clean,loss,5.443076132233932,7.235236054725647e-08,6.171206132685171,6.354784893858323e-07,4.0260263389768625e-07
synth2d,hard_sparse,clean,jtt,0.9819911388137882,0.25308251223662737,3.0071052454278853,0.04719429796794117,0.25308251223662737
synth2d,hard_sparse,clean,rho,5.243954733752183,3.0854181432005134e-09,0.2272586706252526,0.31832456588976044,2.1597927002403594e-08
synth2d,hard_sparse,clean,rho_a1,7.457516108524089,1.192391962945294e-09,1.395544520722009,0.05178623002471738,1.0731527666507645e-08
synth2d,hard_sparse,clean,ws_default,3.4343664484063505,5.6804637029728156e-06,0.6178573138978907,0.3044806608698192,2.2721854811891262e-05
synth2d,hard_sparse,clean,ws_tuned,8.2379418578177,1.2434497875801753e-14,4.757681081985773,1.1326234101716182e-06,1.3677947663381929e-13
synth2d,hard_sparse,clean,rho_landscape_a1,6.9931229378130775,1.3149694666481082e-09,2.1687545072055103,0.02616696817119646,1.0731527666507645e-08
synth2d,hard_sparse,clean,rho_filter_a1,6.524792757129249,6.710043898294771e-08,2.1169364978635627,0.03996834652842374,4.0260263389768625e-07
synth2d,hard_sparse,clean,all_data,29.734015952903498,1.7763568394002505e-15,13.160743353710908,1.2434497875801753e-14,2.1316282072803006e-14
synth2d,hard_sparse,outlier,uniform,1.6790564240472872,0.013686934524772099,1.9670336218435998,0.010566648384996213,0.013686934524772099
synth2d,hard_sparse,outlier,kcenter,2.3758859099728253,0.0010251160635235124,4.126807123568363,0.00010381446904439429,0.0020502321270470247
synth2d,hard_sparse,outlier,kcenter_a1,4.099178643157952,1.2841054282120012e-06,6.500414449191306,3.348859145546612e-08,5.136421712848005e-06
synth2d,hard_sparse,outlier,loss,-16.448049662687925,1.7763568394002505e-15,-0.8024498964900442,0.11171837302823029,2.1316282072803006e-14
synth2d,hard_sparse,outlier,jtt,-41.37600177109825,1.7763568394002505e-15,-9.32146452260272,2.191284211150446e-05,2.1316282072803006e-14
synth2d,hard_sparse,outlier,rho,6.1652042726820495,2.6378053519238165e-08,-0.37784476172749737,0.893447016970665,1.3189026759619082e-07
synth2d,hard_sparse,outlier,rho_a1,8.03493341318988,7.237197507947712e-10,1.472774073162146,0.1329605561585705,4.3423185047686275e-09
synth2d,hard_sparse,outlier,ws_default,3.262319812589097,1.8759072675678112e-05,1.6460458021173021,0.016637745581261854,5.627721802703434e-05
synth2d,hard_sparse,outlier,ws_tuned,9.051629314561833,4.9116266609416925e-12,4.909730301204523,1.1033688904760197e-05,3.929301328753354e-11
synth2d,hard_sparse,outlier,rho_landscape_a1,10.178783614529813,1.0192735544478637e-11,2.4762055661358158,0.026848578410895385,7.134914881135046e-11
synth2d,hard_sparse,outlier,rho_filter_a1,10.924608023750354,3.0890845437170356e-12,3.877777837055298,0.002049094724295486,2.780176089345332e-11
synth2d,hard_sparse,outlier,all_data,28.18853738355577,1.7763568394002505e-15,10.858251587003249,4.3806736016449577e-11,2.1316282072803006e-14
synth2d,sparse_all,clean,uniform,2.8714870403283137,2.0810681753857807e-05,7.895055829657032,2.4721383162784605e-07,2.735170751577698e-05
synth2d,sparse_all,clean,kcenter,3.430675197125214,6.725303951071737e-06,14.095219215681665,5.610267805877811e-11,2.017591185321521e-05
synth2d,sparse_all,clean,kcenter_a1,7.31808609074396,2.0232171493717033e-10,21.51444964140834,3.552713678800501e-15,1.6185737194973626e-09
synth2d,sparse_all,clean,loss,8.597486093073051,3.375077994860476e-14,15.92680638823446,2.191284211150446e-05,3.7125857943465235e-13
synth2d,sparse_all,clean,jtt,5.0186633426163825,1.367585375788849e-05,15.891289315732232,0.0014846473444478647,2.735170751577698e-05
synth2d,sparse_all,clean,rho,6.138387887671569,8.237842195057965e-07,4.953317258218944,0.7160933233749613,3.295136878023186e-06
synth2d,sparse_all,clean,rho_a1,8.356917395007708,8.403119267086367e-08,9.87465847313395,0.02616696817119646,4.201559633543184e-07
synth2d,sparse_all,clean,ws_default,5.080930430420026,1.2871659293978155e-10,5.500890248164395,0.012568191503659065,1.158449336458034e-09
synth2d,sparse_all,clean,ws_tuned,9.563128228639592,1.8989254613188677e-12,11.473173385983308,0.0001778852638985029,1.8989254613188677e-11
synth2d,sparse_all,clean,rho_landscape_a1,8.489076683876615,5.310079487230723e-09,11.090555972295727,0.006525205201144857,3.717055641061506e-08
synth2d,sparse_all,clean,rho_filter_a1,7.867817820848401,5.3406212785489515e-08,10.784173209305564,0.011529687649083797,3.204372767129371e-07
synth2d,sparse_all,clean,all_data,40.53504177854426,1.7763568394002505e-15,41.77065954853855,5.329070518200751e-15,2.1316282072803006e-14
synth2d,sparse_all,outlier,uniform,0.9911113047104098,0.24122024636948858,7.457296617207047,0.0005966978973450665,0.24122024636948858
synth2d,sparse_all,outlier,kcenter,2.7696444181632214,0.004178445711550793,14.732301510075947,1.757493883758343e-08,0.008356891423101587
synth2d,sparse_all,outlier,kcenter_a1,5.459467685445966,3.0412363649645613e-07,19.65828315221997,1.1727507853720454e-11,1.5206181824822806e-06
synth2d,sparse_all,outlier,loss,-20.324185610670177,3.552713678800501e-15,-8.394042360980873,0.007609452352863144,3.552713678800501e-14
synth2d,sparse_all,outlier,jtt,-51.832660303532,1.7763568394002505e-15,-27.860565618087342,2.5156639491541455e-06,2.1316282072803006e-14
synth2d,sparse_all,outlier,rho,4.678448754958785,6.508990648690371e-05,1.2258570085012448,0.7232586770768918,0.00019526971946071114
synth2d,sparse_all,outlier,rho_a1,9.292043238808139,2.1246773229677274e-09,3.2663793187452996,0.3422827758111566,1.2748063937806364e-08
synth2d,sparse_all,outlier,ws_default,4.529716661231337,4.521505763577238e-06,2.1432477760516786,0.26120880915335754,1.8086023054308953e-05
synth2d,sparse_all,outlier,ws_tuned,10.222457227367544,3.0020430585864233e-13,10.934167035745686,0.0002857006608838475,2.1014301410104963e-12
synth2d,sparse_all,outlier,rho_landscape_a1,11.225040811363911,1.9539925233402755e-13,6.186905083680372,0.1255634661063354,1.5631940186722204e-12
synth2d,sparse_all,outlier,rho_filter_a1,12.203388898881565,7.638334409421077e-14,8.375113632928395,0.04719429796794117,6.874500968478969e-13
synth2d,sparse_all,outlier,all_data,32.78074677902351,1.7763568394002505e-15,29.575826488119105,1.7687185049908294e-11,2.1316282072803006e-14
synth2d,sparse_init,clean,uniform,1.1910889912529976,0.10737600575610173,0.944797688163982,0.6118509675549912,0.10737600575610173
synth2d,sparse_init,clean,kcenter,3.154480954956332,0.0018425334424101436,13.543201978175473,3.256713547727941e-07,0.003685066884820287
synth2d,sparse_init,clean,kcenter_a1,7.2862528355478755,7.151434999741468e-11,21.550952833839165,3.0020430585864233e-13,5.006004499819028e-10
synth2d,sparse_init,clean,loss,9.821505518188372,1.5631940186722204e-13,24.833697871540835,0.0009149367393188612,1.7195134205394424e-12
synth2d,sparse_init,clean,jtt,7.494874217773173,5.3406212785489515e-08,24.995657378101864,0.0035436448551049438,1.6021863835646855e-07
synth2d,sparse_init,clean,rho,9.732019914969303,1.5631940186722204e-13,21.605375483420268,0.0021224348550905603,1.7195134205394424e-12
synth2d,sparse_init,clean,rho_a1,10.46516269729803,1.8989254613188677e-12,28.66962761256132,0.00011903464815610221,1.709032915186981e-11
synth2d,sparse_init,clean,ws_default,6.064558506450184,5.897913268881894e-10,16.12303802985545,1.370373858833318e-08,2.948956634440947e-09
synth2d,sparse_init,clean,ws_tuned,11.74197770903856,3.0890845437170356e-12,26.60978312742185,3.256713547727941e-07,2.4712676349736284e-11
synth2d,sparse_init,clean,rho_landscape_a1,8.877247821942655,1.158324636207908e-08,28.514393994590375,0.00011374680137699045,4.633298544831632e-08
synth2d,sparse_init,clean,rho_filter_a1,8.81634440007994,1.4432899320127035e-10,25.833425334959752,0.0006457255474483503,8.659739592076221e-10
synth2d,sparse_init,clean,all_data,45.13550661252993,1.7763568394002505e-15,66.58065588397588,1.7763568394002505e-15,2.1316282072803006e-14
synth2d,sparse_init,outlier,uniform,-0.10011002601608807,0.9618478594751583,-1.039920130817692,0.8332778036429911,0.9618478594751583
synth2d,sparse_init,outlier,kcenter,2.569821800439546,0.0014315119741414861,10.1330875316633,5.9166993136017254e-05,0.0028630239482829722
synth2d,sparse_init,outlier,kcenter_a1,3.9306508414092365,8.398093875428003e-06,14.61861750709315,8.403119267086367e-08,3.359237550171201e-05
synth2d,sparse_init,outlier,loss,-22.526648514671933,1.7763568394002505e-15,-15.839288224063694,6.206318512269604e-05,2.1316282072803006e-14
synth2d,sparse_init,outlier,jtt,-50.44066469539726,1.7763568394002505e-15,-35.85518354958423,1.158324636207908e-08,2.1316282072803006e-14
synth2d,sparse_init,outlier,rho,5.797524195165256,3.0412363649645613e-07,13.916562868499291,0.001909205638362721,1.8247418189787368e-06
synth2d,sparse_init,outlier,rho_a1,7.999419335661997,1.0633089786438177e-06,16.231260757337104,0.005236528699732901,5.316544893219088e-06
synth2d,sparse_init,outlier,ws_default,3.4494127740151925,0.0004506016805585489,7.504799876891777,0.001909205638362721,0.0013518050416756466
synth2d,sparse_init,outlier,ws_tuned,9.507488364890419,2.630606843467831e-11,18.756904230512095,1.4032918471684752e-07,2.367546159121048e-10
synth2d,sparse_init,outlier,rho_landscape_a1,9.299310267592126,2.8573925447972215e-08,18.15290944690457,0.0011051033525024678,2.000174781358055e-07
synth2d,sparse_init,outlier,rho_filter_a1,12.297411841751254,4.9604764740251994e-11,22.135559256560498,2.9747345218211763e-05,3.9683811792201595e-10
synth2d,sparse_init,outlier,all_data,35.661145240748844,1.7763568394002505e-15,46.936178763360246,9.769962616701378e-14,2.1316282072803006e-14
